frame_index,time_seconds,num_hands,left_wrist_x,left_wrist_y,left_pinch_m,right_wrist_x,right_wrist_y,right_pinch_m
0,0.000000,0,nan,nan,nan,nan,nan,nan
1,0.016673,0,nan,nan,nan,nan,nan,nan
2,0.033347,0,nan,nan,nan,nan,nan,nan
3,0.050020,0,nan,nan,nan,nan,nan,nan
4,0.066694,0,nan,nan,nan,nan,nan,nan
5,0.083367,0,nan,nan,nan,nan,nan,nan
6,0.100040,0,nan,nan,nan,nan,nan,nan
7,0.116714,0,nan,nan,nan,nan,nan,nan
8,0.133387,0,nan,nan,nan,nan,nan,nan
9,0.150061,0,nan,nan,nan,nan,nan,nan
10,0.166734,0,nan,nan,nan,nan,nan,nan
11,0.183407,0,nan,nan,nan,nan,nan,nan
12,0.200081,0,nan,nan,nan,nan,nan,nan
13,0.216754,0,nan,nan,nan,nan,nan,nan
14,0.233428,0,nan,nan,nan,nan,nan,nan
15,0.250101,0,nan,nan,nan,nan,nan,nan
16,0.266774,0,nan,nan,nan,nan,nan,nan
17,0.283448,0,nan,nan,nan,nan,nan,nan
18,0.300121,0,nan,nan,nan,nan,nan,nan
19,0.316795,0,nan,nan,nan,nan,nan,nan
20,0.333468,0,nan,nan,nan,nan,nan,nan
21,0.350141,0,nan,nan,nan,nan,nan,nan
22,0.366815,0,nan,nan,nan,nan,nan,nan
23,0.383488,0,nan,nan,nan,nan,nan,nan
24,0.400162,0,nan,nan,nan,nan,nan,nan
25,0.416835,0,nan,nan,nan,nan,nan,nan
26,0.433509,0,nan,nan,nan,nan,nan,nan
27,0.450182,0,nan,nan,nan,nan,nan,nan
28,0.466855,0,nan,nan,nan,nan,nan,nan
29,0.483529,0,nan,nan,nan,nan,nan,nan
30,0.500202,0,nan,nan,nan,nan,nan,nan
31,0.516876,0,nan,nan,nan,nan,nan,nan
32,0.533549,0,nan,nan,nan,nan,nan,nan
33,0.550222,0,nan,nan,nan,nan,nan,nan
34,0.566896,0,nan,nan,nan,nan,nan,nan
35,0.583569,0,nan,nan,nan,nan,nan,nan
36,0.600243,0,nan,nan,nan,nan,nan,nan
37,0.616916,0,nan,nan,nan,nan,nan,nan
38,0.633589,0,nan,nan,nan,nan,nan,nan
39,0.650263,0,nan,nan,nan,nan,nan,nan
40,0.666936,0,nan,nan,nan,nan,nan,nan
41,0.683610,0,nan,nan,nan,nan,nan,nan
42,0.700283,0,nan,nan,nan,nan,nan,nan
43,0.716956,0,nan,nan,nan,nan,nan,nan
44,0.733630,0,nan,nan,nan,nan,nan,nan
45,0.750303,0,nan,nan,nan,nan,nan,nan
46,0.766977,0,nan,nan,nan,nan,nan,nan
47,0.783650,0,nan,nan,nan,nan,nan,nan
48,0.800323,0,nan,nan,nan,nan,nan,nan
49,0.816997,0,nan,nan,nan,nan,nan,nan
50,0.833670,0,nan,nan,nan,nan,nan,nan
51,0.850344,0,nan,nan,nan,nan,nan,nan
52,0.867017,0,nan,nan,nan,nan,nan,nan
53,0.883690,0,nan,nan,nan,nan,nan,nan
54,0.900364,0,nan,nan,nan,nan,nan,nan
55,0.917037,0,nan,nan,nan,nan,nan,nan
56,0.933711,0,nan,nan,nan,nan,nan,nan
57,0.950384,0,nan,nan,nan,nan,nan,nan
58,0.967057,0,nan,nan,nan,nan,nan,nan
59,0.983731,0,nan,nan,nan,nan,nan,nan
60,1.000404,0,nan,nan,nan,nan,nan,nan
61,1.017078,0,nan,nan,nan,nan,nan,nan
62,1.033751,0,nan,nan,nan,nan,nan,nan
63,1.050424,0,nan,nan,nan,nan,nan,nan
64,1.067098,0,nan,nan,nan,nan,nan,nan
65,1.083771,0,nan,nan,nan,nan,nan,nan
66,1.100445,0,nan,nan,nan,nan,nan,nan
67,1.117118,0,nan,nan,nan,nan,nan,nan
68,1.133791,0,nan,nan,nan,nan,nan,nan
69,1.150465,0,nan,nan,nan,nan,nan,nan
70,1.167138,0,nan,nan,nan,nan,nan,nan
71,1.183812,0,nan,nan,nan,nan,nan,nan
72,1.200485,0,nan,nan,nan,nan,nan,nan
73,1.217158,0,nan,nan,nan,nan,nan,nan
74,1.233832,0,nan,nan,nan,nan,nan,nan
75,1.250505,0,nan,nan,nan,nan,nan,nan
76,1.267179,0,nan,nan,nan,nan,nan,nan
77,1.283852,0,nan,nan,nan,nan,nan,nan
78,1.300526,0,nan,nan,nan,nan,nan,nan
79,1.317199,0,nan,nan,nan,nan,nan,nan
80,1.333872,0,nan,nan,nan,nan,nan,nan
81,1.350546,0,nan,nan,nan,nan,nan,nan
82,1.367219,0,nan,nan,nan,nan,nan,nan
83,1.383893,0,nan,nan,nan,nan,nan,nan
84,1.400566,0,nan,nan,nan,nan,nan,nan
85,1.417239,0,nan,nan,nan,nan,nan,nan
86,1.433913,0,nan,nan,nan,nan,nan,nan
87,1.450586,0,nan,nan,nan,nan,nan,nan
88,1.467260,0,nan,nan,nan,nan,nan,nan
89,1.483933,0,nan,nan,nan,nan,nan,nan
90,1.500606,0,nan,nan,nan,nan,nan,nan
91,1.517280,0,nan,nan,nan,nan,nan,nan
92,1.533953,0,nan,nan,nan,nan,nan,nan
93,1.550627,0,nan,nan,nan,nan,nan,nan
94,1.567300,0,nan,nan,nan,nan,nan,nan
95,1.583973,0,nan,nan,nan,nan,nan,nan
96,1.600647,0,nan,nan,nan,nan,nan,nan
97,1.617320,0,nan,nan,nan,nan,nan,nan
98,1.633994,0,nan,nan,nan,nan,nan,nan
99,1.650667,0,nan,nan,nan,nan,nan,nan
100,1.667340,0,nan,nan,nan,nan,nan,nan
101,1.684014,0,nan,nan,nan,nan,nan,nan
102,1.700687,0,nan,nan,nan,nan,nan,nan
103,1.717361,0,nan,nan,nan,nan,nan,nan
104,1.734034,0,nan,nan,nan,nan,nan,nan
105,1.750707,0,nan,nan,nan,nan,nan,nan
106,1.767381,0,nan,nan,nan,nan,nan,nan
107,1.784054,0,nan,nan,nan,nan,nan,nan
108,1.800728,0,nan,nan,nan,nan,nan,nan
109,1.817401,0,nan,nan,nan,nan,nan,nan
110,1.834074,0,nan,nan,nan,nan,nan,nan
111,1.850748,0,nan,nan,nan,nan,nan,nan
112,1.867421,0,nan,nan,nan,nan,nan,nan
113,1.884095,0,nan,nan,nan,nan,nan,nan
114,1.900768,0,nan,nan,nan,nan,nan,nan
115,1.917441,0,nan,nan,nan,nan,nan,nan
116,1.934115,0,nan,nan,nan,nan,nan,nan
117,1.950788,0,nan,nan,nan,nan,nan,nan
118,1.967462,0,nan,nan,nan,nan,nan,nan
119,1.984135,0,nan,nan,nan,nan,nan,nan
120,2.000808,0,nan,nan,nan,nan,nan,nan
121,2.017482,0,nan,nan,nan,nan,nan,nan
122,2.034155,0,nan,nan,nan,nan,nan,nan
123,2.050829,0,nan,nan,nan,nan,nan,nan
124,2.067502,0,nan,nan,nan,nan,nan,nan
125,2.084176,1,nan,nan,nan,0.915486,1.121344,0.074697
126,2.100849,1,nan,nan,nan,0.897613,1.141771,0.069051
127,2.117522,1,nan,nan,nan,0.899809,1.143604,0.071339
128,2.134196,1,nan,nan,nan,0.899543,1.144663,0.071393
129,2.150869,1,nan,nan,nan,0.897714,1.142525,0.071050
130,2.167543,1,nan,nan,nan,0.900077,1.135783,0.069699
131,2.184216,1,nan,nan,nan,0.900953,1.132348,0.071881
132,2.200889,1,nan,nan,nan,0.893645,1.135571,0.070994
133,2.217563,1,nan,nan,nan,0.897197,1.127336,0.068691
134,2.234236,1,nan,nan,nan,0.899986,1.120557,0.067424
135,2.250910,1,nan,nan,nan,0.898510,1.112285,0.069501
136,2.267583,1,nan,nan,nan,0.891741,1.110647,0.070642
137,2.284256,1,nan,nan,nan,0.891184,1.106766,0.068862
138,2.300930,1,nan,nan,nan,0.894687,1.103157,0.068783
139,2.317603,1,nan,nan,nan,0.888554,1.099529,0.069184
140,2.334277,1,nan,nan,nan,0.890410,1.089632,0.068499
141,2.350950,1,nan,nan,nan,0.888410,1.084328,0.068853
142,2.367623,1,nan,nan,nan,0.895223,1.073838,0.068493
143,2.384297,1,nan,nan,nan,0.892596,1.060595,0.068020
144,2.400970,1,nan,nan,nan,0.891258,1.051821,0.068334
145,2.417644,1,nan,nan,nan,0.889047,1.043262,0.068894
146,2.434317,1,nan,nan,nan,0.887060,1.041129,0.066591
147,2.450990,1,nan,nan,nan,0.885124,1.042534,0.066343
148,2.467664,1,nan,nan,nan,0.884910,1.039807,0.066147
149,2.484337,1,nan,nan,nan,0.881167,1.034780,0.065274
150,2.501011,1,nan,nan,nan,0.881366,1.029869,0.065868
151,2.517684,1,nan,nan,nan,0.879344,1.024157,0.065711
152,2.534357,1,nan,nan,nan,0.880911,1.016945,0.066023
153,2.551031,1,nan,nan,nan,0.880297,1.015283,0.065940
154,2.567704,1,nan,nan,nan,0.879120,1.012406,0.064836
155,2.584378,1,nan,nan,nan,0.880019,1.007503,0.064265
156,2.601051,1,nan,nan,nan,0.879160,1.004725,0.062751
157,2.617724,1,nan,nan,nan,0.880143,1.004588,0.063883
158,2.634398,1,nan,nan,nan,0.880176,1.004536,0.062344
159,2.651071,1,nan,nan,nan,0.877560,1.001583,0.063147
160,2.667745,1,nan,nan,nan,0.877654,0.999188,0.064745
161,2.684418,1,nan,nan,nan,0.878461,0.997529,0.063680
162,2.701091,1,nan,nan,nan,0.877424,0.995966,0.061191
163,2.717765,1,nan,nan,nan,0.878406,0.994769,0.061255
164,2.734438,1,nan,nan,nan,0.877155,0.996511,0.062800
165,2.751112,1,nan,nan,nan,0.878738,0.994550,0.060806
166,2.767785,1,nan,nan,nan,0.878685,0.992386,0.062099
167,2.784458,1,nan,nan,nan,0.882800,0.987363,0.060366
168,2.801132,1,nan,nan,nan,0.882359,0.985832,0.062358
169,2.817805,1,nan,nan,nan,0.884823,0.983160,0.063362
170,2.834479,2,0.221305,1.041230,0.068643,0.885283,0.983114,0.062643
171,2.851152,2,0.228612,1.025811,0.086795,0.884950,0.981696,0.061939
172,2.867826,2,0.229797,1.011670,0.078313,0.887153,0.980827,0.060849
173,2.884499,2,0.228305,0.999925,0.081463,0.889624,0.976770,0.061802
174,2.901172,2,0.230472,0.993239,0.084768,0.890652,0.974465,0.063234
175,2.917846,2,0.229134,0.981922,0.084752,0.891885,0.973767,0.060897
176,2.934519,2,0.227594,0.978754,0.078896,0.892426,0.972354,0.062110
177,2.951193,2,0.223157,0.968089,0.080570,0.893385,0.971341,0.061874
178,2.967866,2,0.221574,0.962670,0.077215,0.894446,0.971460,0.061608
179,2.984539,2,0.223164,0.958912,0.072493,0.893938,0.971229,0.060755
180,3.001213,2,0.221481,0.953137,0.074419,0.895115,0.970937,0.062003
181,3.017886,2,0.221619,0.950522,0.071821,0.895009,0.970313,0.063189
182,3.034560,2,0.222448,0.945814,0.071797,0.894019,0.970138,0.063200
183,3.051233,2,0.219537,0.938071,0.077902,0.892986,0.970177,0.060797
184,3.067906,2,0.220400,0.935645,0.077335,0.892813,0.968825,0.059234
185,3.084580,2,0.219947,0.929318,0.078548,0.893309,0.968337,0.059824
186,3.101253,2,0.220411,0.924871,0.081005,0.893476,0.966585,0.059766
187,3.117927,2,0.221145,0.920337,0.082915,0.893041,0.965712,0.060247
188,3.134600,2,0.222286,0.920136,0.081422,0.892192,0.965569,0.061301
189,3.151273,2,0.221674,0.916820,0.084107,0.890375,0.963625,0.060616
190,3.167947,2,0.222988,0.915725,0.083558,0.889393,0.962927,0.061637
191,3.184620,2,0.223461,0.915006,0.083780,0.889039,0.962248,0.061760
192,3.201294,2,0.223799,0.914929,0.084975,0.887049,0.961518,0.062225
193,3.217967,2,0.225599,0.916864,0.080171,0.886413,0.960419,0.062877
194,3.234640,2,0.225138,0.916243,0.082795,0.885455,0.957803,0.064003
195,3.251314,2,0.226270,0.916086,0.079903,0.885346,0.953968,0.062321
196,3.267987,2,0.225268,0.914569,0.085019,0.883887,0.951183,0.061180
197,3.284661,2,0.227640,0.917110,0.079097,0.882309,0.947034,0.062177
198,3.301334,2,0.227868,0.915693,0.082978,0.879572,0.943734,0.061170
199,3.318007,2,0.228584,0.916894,0.077302,0.878064,0.941520,0.062426
200,3.334681,2,0.227338,0.915763,0.083359,0.874476,0.937878,0.061979
201,3.351354,2,0.229035,0.918290,0.077837,0.872328,0.936022,0.061618
202,3.368028,2,0.229336,0.919571,0.079077,0.871117,0.932265,0.061546
203,3.384701,2,0.229756,0.920411,0.077810,0.869026,0.928502,0.062635
204,3.401374,2,0.230222,0.921656,0.078331,0.867204,0.925581,0.061062
205,3.418048,2,0.231743,0.923306,0.078533,0.866362,0.921699,0.061358
206,3.434721,2,0.232627,0.925588,0.078061,0.865840,0.918407,0.062374
207,3.451395,2,0.231696,0.926581,0.079674,0.865391,0.916224,0.061609
208,3.468068,2,0.231243,0.930036,0.078964,0.864395,0.912525,0.061231
209,3.484741,2,0.231343,0.932492,0.077876,0.865051,0.909615,0.064701
210,3.501415,2,0.230446,0.935111,0.079604,0.863958,0.906452,0.063991
211,3.518088,2,0.230773,0.938251,0.077524,0.862971,0.903966,0.064093
212,3.534762,2,0.230149,0.937802,0.079664,0.862203,0.898833,0.063353
213,3.551435,2,0.228592,0.939811,0.081973,0.863308,0.895043,0.066666
214,3.568108,2,0.227915,0.943064,0.078998,0.861838,0.893019,0.066648
215,3.584782,2,0.226884,0.942635,0.079241,0.859598,0.886206,0.063926
216,3.601455,2,0.226435,0.945226,0.081235,0.858483,0.883482,0.065834
217,3.618129,2,0.226300,0.946535,0.076678,0.860785,0.880944,0.070100
218,3.634802,2,0.226591,0.948748,0.074733,0.857738,0.877549,0.065383
219,3.651475,2,0.225473,0.945874,0.074928,0.856546,0.871477,0.063848
220,3.668149,2,0.224413,0.946418,0.075788,0.855995,0.866639,0.064854
221,3.684822,2,0.224497,0.947007,0.075454,0.855369,0.863860,0.065981
222,3.701496,2,0.223344,0.945885,0.076616,0.853837,0.859161,0.062400
223,3.718169,2,0.223380,0.944968,0.077021,0.852206,0.855267,0.060056
224,3.734843,2,0.223488,0.944429,0.075414,0.851205,0.852540,0.059907
225,3.751516,2,0.222950,0.944844,0.076864,0.851108,0.850068,0.060176
226,3.768189,2,0.222516,0.945128,0.075268,0.850448,0.846220,0.060775
227,3.784863,2,0.221698,0.945014,0.074045,0.850261,0.844305,0.061893
228,3.801536,2,0.221572,0.944704,0.074431,0.849472,0.840950,0.061579
229,3.818210,2,0.220929,0.944515,0.073841,0.848714,0.837527,0.061320
230,3.834883,2,0.219039,0.942293,0.077816,0.848288,0.835424,0.060932
231,3.851556,2,0.217957,0.942824,0.076890,0.846843,0.832894,0.057918
232,3.868230,2,0.219185,0.940986,0.078548,0.846123,0.830920,0.059309
233,3.884903,2,0.218170,0.939116,0.079534,0.847434,0.829945,0.062127
234,3.901577,2,0.218481,0.938626,0.077175,0.844032,0.828435,0.058225
235,3.918250,2,0.218674,0.938320,0.077147,0.847743,0.829657,0.061057
236,3.934923,2,0.219212,0.938201,0.077157,0.843960,0.824723,0.057707
237,3.951597,2,0.218564,0.936033,0.080390,0.846701,0.824737,0.060952
238,3.968270,2,0.218897,0.936783,0.078521,0.844937,0.823583,0.059636
239,3.984944,2,0.219127,0.936133,0.079270,0.845397,0.822151,0.057767
240,4.001617,2,0.219075,0.936555,0.077961,0.844493,0.819622,0.056698
241,4.018290,2,0.219099,0.935746,0.080224,0.845860,0.820238,0.056890
242,4.034964,2,0.219226,0.937193,0.079852,0.847439,0.821459,0.057520
243,4.051637,2,0.219548,0.936629,0.078749,0.845005,0.819637,0.051389
244,4.068311,2,0.219752,0.935135,0.082987,0.847463,0.821370,0.052182
245,4.084984,2,0.219539,0.936616,0.079559,0.848690,0.822329,0.051411
246,4.101657,2,0.220207,0.934542,0.079590,0.849634,0.822109,0.050862
247,4.118331,2,0.219521,0.934846,0.081077,0.850514,0.822728,0.052226
248,4.135004,2,0.220780,0.934400,0.078779,0.851283,0.822526,0.052573
249,4.151678,2,0.220563,0.935150,0.080574,0.849962,0.819686,0.051710
250,4.168351,2,0.220856,0.933381,0.079259,0.850791,0.816026,0.054730
251,4.185024,2,0.220779,0.934032,0.078890,0.851362,0.818333,0.053164
252,4.201698,2,0.221379,0.932861,0.078756,0.851147,0.817008,0.053035
253,4.218371,2,0.220697,0.932387,0.080817,0.851020,0.817081,0.051698
254,4.235045,2,0.221681,0.933663,0.079186,0.851746,0.815697,0.054386
255,4.251718,2,0.221711,0.934456,0.077996,0.852197,0.816474,0.053239
256,4.268391,2,0.221427,0.932504,0.079730,0.853113,0.817410,0.053997
257,4.285065,2,0.221230,0.934266,0.078372,0.852507,0.817351,0.052583
258,4.301738,2,0.223554,0.933464,0.076664,0.849501,0.814833,0.050720
259,4.318412,2,0.223709,0.933758,0.070627,0.848340,0.811769,0.051217
260,4.335085,2,0.223831,0.931577,0.073672,0.847723,0.807182,0.054050
261,4.351758,2,0.223477,0.931424,0.075861,0.845716,0.806778,0.049162
262,4.368432,2,0.222398,0.932470,0.075844,0.844264,0.807126,0.050433
263,4.385105,2,0.222463,0.934246,0.075979,0.843641,0.805950,0.052730
264,4.401779,2,0.222580,0.936023,0.076098,0.842757,0.803387,0.053776
265,4.418452,2,0.222654,0.935464,0.075951,0.841050,0.802035,0.054633
266,4.435125,2,0.221743,0.935664,0.077740,0.839591,0.799167,0.056256
267,4.451799,2,0.222071,0.936356,0.075920,0.839281,0.798616,0.058154
268,4.468472,2,0.221819,0.935245,0.077500,0.837357,0.798454,0.056928
269,4.485146,2,0.220186,0.935101,0.081226,0.836911,0.798518,0.057935
270,4.501819,2,0.220976,0.937027,0.077306,0.835703,0.794498,0.056493
271,4.518493,2,0.220200,0.936243,0.078901,0.834707,0.794672,0.057827
272,4.535166,2,0.219873,0.938127,0.080768,0.832999,0.790760,0.057170
273,4.551839,2,0.219851,0.936914,0.080395,0.831213,0.788080,0.055558
274,4.568513,2,0.219319,0.938101,0.081978,0.830423,0.785504,0.057653
275,4.585186,2,0.218868,0.938231,0.080370,0.829306,0.783400,0.056577
276,4.601860,2,0.217772,0.936805,0.085191,0.829469,0.781837,0.057922
277,4.618533,2,0.218325,0.938758,0.080575,0.829106,0.777768,0.059516
278,4.635206,2,0.217661,0.939257,0.077039,0.827399,0.772318,0.057174
279,4.651880,2,0.216998,0.939651,0.077300,0.827094,0.772230,0.058875
280,4.668553,2,0.216451,0.940773,0.076590,0.825225,0.766476,0.057613
281,4.685227,2,0.216145,0.940693,0.075014,0.825786,0.766286,0.058521
282,4.701900,2,0.215175,0.938542,0.076262,0.826564,0.763684,0.058456
283,4.718573,2,0.214794,0.937357,0.076684,0.824696,0.760635,0.058397
284,4.735247,2,0.213936,0.936442,0.078018,0.825677,0.756929,0.058215
285,4.751920,2,0.213250,0.934039,0.078940,0.823258,0.753070,0.055031
286,4.768594,2,0.213083,0.932411,0.079911,0.823528,0.749567,0.054895
287,4.785267,2,0.212941,0.931664,0.078687,0.824377,0.747846,0.057868
288,4.801940,2,0.212261,0.928893,0.080612,0.822916,0.744687,0.054883
289,4.818614,2,0.211410,0.927081,0.082652,0.822085,0.743319,0.054112
290,4.835287,2,0.210591,0.925489,0.083162,0.822576,0.742265,0.053281
291,4.851961,2,0.211792,0.924717,0.081196,0.823051,0.740456,0.053001
292,4.868634,2,0.212216,0.923239,0.082564,0.823658,0.739083,0.052800
293,4.885307,2,0.211750,0.923455,0.081245,0.822681,0.734091,0.053356
294,4.901981,2,0.212052,0.923027,0.081249,0.825425,0.732954,0.053336
295,4.918654,2,0.212489,0.922632,0.081391,0.824612,0.731146,0.051359
296,4.935328,2,0.213491,0.921353,0.081005,0.823222,0.725565,0.053774
297,4.952001,2,0.213294,0.921438,0.080322,0.822498,0.723248,0.058962
298,4.968674,2,0.213708,0.919055,0.083274,0.822577,0.720132,0.056681
299,4.985348,2,0.212776,0.921613,0.081713,0.822409,0.718298,0.056346
300,5.002021,2,0.213790,0.920355,0.081363,0.822206,0.714134,0.057154
301,5.018695,2,0.214112,0.920603,0.080026,0.825454,0.711142,0.059273
302,5.035368,2,0.214790,0.918185,0.079773,0.828472,0.709370,0.058899
303,5.052041,2,0.214608,0.918382,0.078584,0.832911,0.708728,0.061216
304,5.068715,2,0.215283,0.917534,0.078199,0.836316,0.708565,0.064179
305,5.085388,2,0.215128,0.916933,0.079152,0.838276,0.708966,0.066193
306,5.102062,2,0.215544,0.916101,0.079031,0.838554,0.705054,0.069276
307,5.118735,2,0.213819,0.912990,0.080888,0.837941,0.702528,0.066311
308,5.135408,2,0.213670,0.913504,0.080879,0.837540,0.699007,0.067618
309,5.152082,2,0.214508,0.913839,0.079374,0.838465,0.696230,0.069492
310,5.168755,2,0.214391,0.913156,0.079261,0.836614,0.695689,0.070051
311,5.185429,2,0.214469,0.912291,0.077870,0.835398,0.696246,0.068735
312,5.202102,2,0.214302,0.909230,0.080870,0.833971,0.690969,0.068750
313,5.218775,2,0.211996,0.908063,0.085099,0.832526,0.686342,0.072292
314,5.235449,2,0.213249,0.910697,0.081320,0.832093,0.682496,0.073077
315,5.252122,2,0.213680,0.907099,0.083706,0.830897,0.679173,0.075978
316,5.268796,2,0.213884,0.905816,0.084803,0.831221,0.677433,0.074698
317,5.285469,2,0.213543,0.906219,0.083728,0.830414,0.674215,0.073537
318,5.302142,2,0.215349,0.904901,0.083884,0.830543,0.671309,0.072696
319,5.318816,2,0.215655,0.903994,0.082730,0.830226,0.669846,0.070389
320,5.335489,2,0.216170,0.905934,0.079626,0.831400,0.666300,0.068560
321,5.352163,2,0.217083,0.903774,0.083603,0.831009,0.665249,0.072148
322,5.368836,2,0.218078,0.905162,0.082939,0.831759,0.662708,0.071395
323,5.385510,2,0.219065,0.906376,0.081565,0.831488,0.661136,0.074356
324,5.402183,2,0.219687,0.905462,0.082115,0.833635,0.659156,0.075047
325,5.418856,2,0.221607,0.908298,0.080430,0.835058,0.656403,0.074613
326,5.435530,2,0.221918,0.907386,0.081543,0.836583,0.654513,0.075220
327,5.452203,2,0.223624,0.910818,0.076154,0.837790,0.648777,0.074706
328,5.468877,2,0.223204,0.910488,0.081633,0.838906,0.647493,0.075581
329,5.485550,2,0.224775,0.911872,0.079086,0.839924,0.643734,0.073923
330,5.502223,2,0.225628,0.912995,0.078951,0.840615,0.640444,0.073267
331,5.518897,2,0.225783,0.914428,0.079908,0.841527,0.637400,0.072947
332,5.535570,2,0.226878,0.912071,0.080136,0.841405,0.633036,0.070689
333,5.552244,2,0.226986,0.914308,0.077867,0.842818,0.630872,0.069404
334,5.568917,2,0.228049,0.913697,0.078522,0.843591,0.626424,0.067246
335,5.585590,2,0.228365,0.912431,0.077656,0.846214,0.625699,0.064472
336,5.602264,2,0.229490,0.912881,0.075956,0.846869,0.621932,0.065414
337,5.618937,2,0.228188,0.908397,0.077817,0.846562,0.617629,0.066912
338,5.635611,2,0.228427,0.908544,0.076317,0.846401,0.614005,0.064726
339,5.652284,2,0.227539,0.906308,0.077726,0.845621,0.610084,0.064213
340,5.668957,2,0.227288,0.903110,0.079898,0.845161,0.607835,0.063782
341,5.685631,2,0.226904,0.902772,0.078862,0.843795,0.604709,0.064282
342,5.702304,2,0.226421,0.900833,0.079352,0.842995,0.601894,0.065436
343,5.718978,2,0.225705,0.899329,0.077430,0.841349,0.598924,0.065071
344,5.735651,2,0.225574,0.896890,0.080337,0.840596,0.596328,0.063055
345,5.752324,2,0.225373,0.895516,0.082281,0.840012,0.592691,0.062788
346,5.768998,2,0.224454,0.892681,0.083128,0.839185,0.593574,0.066340
347,5.785671,2,0.224510,0.892744,0.080671,0.839783,0.592537,0.062765
348,5.802345,2,0.222811,0.892037,0.082274,0.838515,0.595353,0.064707
349,5.819018,2,0.224599,0.891254,0.079848,0.837595,0.593353,0.061168
350,5.835691,2,0.223474,0.889515,0.083839,0.835747,0.591591,0.062582
351,5.852365,2,0.223574,0.890194,0.082829,0.834214,0.591146,0.061226
352,5.869038,2,0.223290,0.889933,0.081747,0.833662,0.592875,0.063861
353,5.885712,2,0.223598,0.890158,0.082044,0.831964,0.593601,0.063412
354,5.902385,2,0.223327,0.889237,0.081566,0.829870,0.593800,0.063720
355,5.919058,2,0.222732,0.889634,0.080775,0.829538,0.594978,0.058392
356,5.935732,2,0.222345,0.890262,0.080175,0.828522,0.595774,0.060690
357,5.952405,2,0.221629,0.889826,0.081511,0.826498,0.595695,0.059639
358,5.969079,2,0.221421,0.889668,0.081828,0.826704,0.599041,0.059624
359,5.985752,2,0.220671,0.890828,0.079605,0.825679,0.600478,0.057085
360,6.002425,2,0.219860,0.890553,0.081531,0.825763,0.600246,0.058637
361,6.019099,2,0.219293,0.889812,0.081799,0.824916,0.602990,0.059808
362,6.035772,2,0.217883,0.889683,0.083252,0.823734,0.602117,0.060466
363,6.052446,2,0.217058,0.890442,0.080175,0.823249,0.602323,0.058898
364,6.069119,2,0.215987,0.889540,0.083879,0.823530,0.604064,0.060893
365,6.085792,2,0.215049,0.890402,0.081718,0.823055,0.604400,0.060598
366,6.102466,2,0.214969,0.891345,0.082572,0.823224,0.605406,0.061168
367,6.119139,2,0.214159,0.890944,0.082922,0.821725,0.605563,0.061767
368,6.135813,2,0.212498,0.891584,0.083100,0.822223,0.604545,0.063962
369,6.152486,2,0.213136,0.892356,0.081325,0.821665,0.606838,0.061570
370,6.169160,2,0.212823,0.893346,0.079353,0.821353,0.607366,0.058521
371,6.185833,2,0.212293,0.894113,0.077780,0.821426,0.606750,0.061423
372,6.202506,2,0.211362,0.894323,0.081486,0.820616,0.608762,0.063976
373,6.219180,2,0.210303,0.897047,0.076882,0.820404,0.608800,0.060758
374,6.235853,2,0.209835,0.894713,0.080384,0.819699,0.609489,0.062554
375,6.252527,2,0.208703,0.897523,0.078769,0.819468,0.610169,0.062640
376,6.269200,2,0.208497,0.893722,0.083981,0.818041,0.609609,0.064995
377,6.285873,2,0.206645,0.897136,0.079821,0.819079,0.610780,0.062196
378,6.302547,2,0.207197,0.893938,0.082143,0.817399,0.610304,0.060245
379,6.319220,2,0.206258,0.896014,0.076994,0.817562,0.609664,0.066940
380,6.335894,2,0.208090,0.891550,0.082523,0.817225,0.609941,0.060093
381,6.352567,2,0.207423,0.894687,0.077198,0.817835,0.608564,0.065205
382,6.369240,2,0.207912,0.890516,0.083439,0.817184,0.609492,0.058149
383,6.385914,2,0.207388,0.891660,0.082083,0.816696,0.607720,0.062216
384,6.402587,2,0.208355,0.889006,0.083397,0.817168,0.607773,0.062818
385,6.419261,2,0.208011,0.889755,0.082010,0.816384,0.606681,0.057311
386,6.435934,2,0.208089,0.889181,0.084243,0.815114,0.605990,0.057409
387,6.452607,2,0.207992,0.890442,0.083473,0.815140,0.605422,0.056955
388,6.469281,2,0.209147,0.892357,0.080503,0.813395,0.604016,0.057951
389,6.485954,2,0.209599,0.891975,0.081038,0.812754,0.604313,0.059018
390,6.502628,2,0.209215,0.893052,0.076846,0.811867,0.603066,0.057355
391,6.519301,2,0.209091,0.892110,0.078615,0.812001,0.602945,0.056180
392,6.535974,2,0.207585,0.892456,0.079458,0.811082,0.602426,0.057529
393,6.552648,2,0.208018,0.891865,0.079396,0.810952,0.602947,0.057073
394,6.569321,2,0.207634,0.891037,0.079030,0.809821,0.601252,0.057957
395,6.585995,2,0.207729,0.890064,0.077868,0.808882,0.600603,0.056449
396,6.602668,2,0.206774,0.889569,0.081656,0.808081,0.600081,0.056579
397,6.619341,2,0.206766,0.889520,0.078385,0.809011,0.600520,0.058079
398,6.636015,2,0.206547,0.888071,0.082301,0.808075,0.599945,0.056692
399,6.652688,2,0.206627,0.888083,0.079268,0.807894,0.599754,0.055198
400,6.669362,2,0.206990,0.887725,0.080119,0.806885,0.598573,0.056056
401,6.686035,2,0.206415,0.889037,0.078898,0.806552,0.597317,0.054926
402,6.702708,2,0.205726,0.888771,0.080207,0.806992,0.597963,0.052814
403,6.719382,2,0.204591,0.889155,0.081798,0.807400,0.598988,0.054878
404,6.736055,2,0.204318,0.889415,0.083396,0.806250,0.599897,0.056259
405,6.752729,2,0.203510,0.890774,0.081704,0.805950,0.599740,0.056161
406,6.769402,2,0.203980,0.891165,0.081706,0.805593,0.598909,0.058892
407,6.786075,2,0.202712,0.891910,0.081373,0.804222,0.599471,0.059290
408,6.802749,2,0.203321,0.891826,0.082498,0.803255,0.598133,0.056922
409,6.819422,2,0.203838,0.892843,0.082179,0.802105,0.597139,0.057976
410,6.836096,2,0.203482,0.893348,0.082727,0.801465,0.596494,0.058823
411,6.852769,2,0.203545,0.893229,0.082495,0.801453,0.596338,0.057153
412,6.869442,2,0.203815,0.894459,0.079907,0.802241,0.596002,0.057652
413,6.886116,2,0.203617,0.895228,0.081138,0.800649,0.595240,0.058189
414,6.902789,2,0.204645,0.894545,0.081183,0.802296,0.599301,0.057861
415,6.919463,2,0.203244,0.896604,0.080564,0.801278,0.600754,0.057829
416,6.936136,2,0.204571,0.895374,0.081913,0.801914,0.601713,0.058278
417,6.952809,2,0.203208,0.897132,0.080613,0.802077,0.602090,0.059550
418,6.969483,2,0.204329,0.894852,0.083683,0.801494,0.602425,0.057191
419,6.986156,2,0.203291,0.898409,0.074013,0.801312,0.603051,0.058722
420,7.002830,2,0.204662,0.895181,0.082997,0.800299,0.604015,0.060183
421,7.019503,2,0.205576,0.896469,0.078706,0.800642,0.606862,0.060320
422,7.036177,2,0.205806,0.897318,0.079760,0.800366,0.607770,0.056919
423,7.052850,2,0.206133,0.898538,0.080305,0.800475,0.609025,0.058115
424,7.069523,2,0.206527,0.902581,0.081171,0.800231,0.608830,0.056356
425,7.086197,2,0.206890,0.905397,0.080618,0.799340,0.607894,0.058388
426,7.102870,2,0.207352,0.909862,0.079602,0.797843,0.608887,0.060360
427,7.119544,2,0.206793,0.910732,0.081077,0.794762,0.606744,0.057360
428,7.136217,2,0.207161,0.914170,0.079394,0.795334,0.608099,0.057158
429,7.152890,2,0.205233,0.917055,0.084230,0.794941,0.607193,0.058901
430,7.169564,2,0.206121,0.921932,0.081582,0.796778,0.608768,0.060319
431,7.186237,2,0.203507,0.922981,0.083134,0.798645,0.608096,0.058059
432,7.202911,2,0.203502,0.925729,0.080385,0.798025,0.610326,0.060531
433,7.219584,2,0.203087,0.927637,0.082313,0.797663,0.611041,0.057385
434,7.236257,2,0.201791,0.929672,0.080660,0.795704,0.609022,0.055408
435,7.252931,2,0.201875,0.931483,0.080886,0.796289,0.608143,0.057344
436,7.269604,2,0.201333,0.932231,0.080768,0.796860,0.607698,0.058101
437,7.286278,2,0.200779,0.933313,0.078838,0.797196,0.608184,0.060648
438,7.302951,2,0.199842,0.932899,0.079074,0.798203,0.607867,0.057352
439,7.319624,2,0.198827,0.932152,0.081184,0.797991,0.607369,0.056401
440,7.336298,2,0.197694,0.930570,0.083594,0.795676,0.603779,0.055116
441,7.352971,2,0.197306,0.930024,0.082350,0.795319,0.604478,0.059860
442,7.369645,2,0.197628,0.930152,0.083387,0.796061,0.604144,0.057919
443,7.386318,2,0.197096,0.929060,0.082767,0.795314,0.603080,0.058852
444,7.402991,2,0.196596,0.928985,0.083929,0.794092,0.602639,0.056733
445,7.419665,2,0.196967,0.927447,0.083234,0.795216,0.602164,0.059742
446,7.436338,2,0.197110,0.927438,0.083659,0.793680,0.601854,0.058582
447,7.453012,2,0.197053,0.926082,0.085031,0.793674,0.600860,0.063060
448,7.469685,2,0.198097,0.926326,0.082190,0.795387,0.604395,0.061758
449,7.486358,2,0.197779,0.925517,0.083913,0.794157,0.602913,0.054712
450,7.503032,2,0.198037,0.926507,0.082752,0.794528,0.606557,0.055670
451,7.519705,2,0.198363,0.927538,0.082863,0.793580,0.605384,0.056774
452,7.536379,2,0.198714,0.928215,0.082026,0.794868,0.608715,0.055651
453,7.553052,2,0.198973,0.930337,0.081252,0.794947,0.611412,0.055204
454,7.569725,2,0.198977,0.929978,0.080010,0.795520,0.611504,0.057146
455,7.586399,2,0.199039,0.931128,0.080496,0.795987,0.614458,0.056271
456,7.603072,2,0.200053,0.931862,0.078620,0.796809,0.615457,0.056393
457,7.619746,2,0.199826,0.931044,0.079616,0.795910,0.617101,0.057927
458,7.636419,2,0.200890,0.929256,0.081069,0.796582,0.620180,0.061783
459,7.653092,2,0.201074,0.928157,0.081255,0.796432,0.620879,0.057407
460,7.669766,2,0.202616,0.929357,0.080170,0.794010,0.623132,0.056980
461,7.686439,2,0.201174,0.927711,0.082200,0.795629,0.621297,0.059367
462,7.703113,2,0.201056,0.927315,0.082579,0.793268,0.622890,0.061232
463,7.719786,2,0.202575,0.926396,0.082095,0.793582,0.623891,0.060470
464,7.736459,2,0.201870,0.925490,0.081642,0.794465,0.627051,0.053577
465,7.753133,2,0.202298,0.924247,0.084001,0.793667,0.626818,0.060924
466,7.769806,2,0.202457,0.922340,0.084949,0.791475,0.625439,0.064380
467,7.786480,2,0.202746,0.920411,0.083584,0.790046,0.624603,0.059777
468,7.803153,2,0.203177,0.918678,0.084130,0.790562,0.623789,0.060592
469,7.819827,2,0.203477,0.918545,0.082923,0.788994,0.624773,0.060286
470,7.836500,2,0.204682,0.918000,0.083082,0.790851,0.625721,0.059321
471,7.853173,2,0.204108,0.914502,0.085959,0.790315,0.626917,0.057954
472,7.869847,2,0.204607,0.912498,0.084625,0.789775,0.627536,0.056174
473,7.886520,2,0.205275,0.909325,0.086492,0.788816,0.626274,0.057968
474,7.903194,2,0.205155,0.908974,0.087181,0.788345,0.625220,0.059853
475,7.919867,2,0.205023,0.907825,0.087358,0.787971,0.625085,0.060628
476,7.936540,2,0.204528,0.907770,0.084448,0.786830,0.624126,0.061684
477,7.953214,2,0.204699,0.908287,0.082250,0.788404,0.622670,0.063895
478,7.969887,2,0.204430,0.907533,0.081188,0.783948,0.619875,0.063652
479,7.986561,2,0.203773,0.905041,0.081501,0.783897,0.617279,0.074568
480,8.003234,2,0.202952,0.901417,0.084468,0.782663,0.615365,0.069947
481,8.019907,2,0.203344,0.902027,0.079580,0.781918,0.614990,0.071550
482,8.036581,2,0.201946,0.900112,0.082897,0.781992,0.613676,0.070005
483,8.053254,2,0.203201,0.900056,0.081124,0.782129,0.615323,0.069210
484,8.069928,2,0.201835,0.897548,0.084168,0.781120,0.617420,0.068886
485,8.086601,2,0.202994,0.897091,0.079779,0.783760,0.617159,0.063102
486,8.103274,2,0.201561,0.897283,0.082068,0.780559,0.617223,0.064127
487,8.119948,2,0.202858,0.895938,0.078092,0.783041,0.618016,0.058977
488,8.136621,2,0.202027,0.896078,0.082807,0.782867,0.617823,0.061005
489,8.153295,2,0.202464,0.895593,0.077667,0.782295,0.617149,0.061017
490,8.169968,2,0.201802,0.894324,0.081720,0.781795,0.614412,0.058921
491,8.186641,2,0.202331,0.894059,0.079302,0.783418,0.618566,0.060611
492,8.203315,2,0.202225,0.894686,0.078892,0.782432,0.617421,0.058608
493,8.219988,2,0.202457,0.894563,0.079644,0.782922,0.618749,0.056766
494,8.236662,2,0.201824,0.895140,0.079602,0.781823,0.618653,0.057726
495,8.253335,2,0.202051,0.893789,0.080625,0.780339,0.619787,0.056362
496,8.270008,2,0.201855,0.894724,0.079552,0.780227,0.620368,0.060344
497,8.286682,2,0.202198,0.893823,0.079804,0.779435,0.623025,0.055021
498,8.303355,2,0.201463,0.894179,0.080365,0.779000,0.622669,0.059960
499,8.320029,2,0.200863,0.894124,0.080412,0.777938,0.626076,0.060519
500,8.336702,2,0.200888,0.893518,0.079081,0.776843,0.627020,0.062398
501,8.353375,2,0.200408,0.894724,0.077270,0.776025,0.629586,0.058002
502,8.370049,2,0.199876,0.894331,0.079001,0.776342,0.632334,0.049930
503,8.386722,2,0.199416,0.893225,0.079278,0.774657,0.633821,0.062320
504,8.403396,2,0.199058,0.892394,0.080566,0.773920,0.628827,0.061672
505,8.420069,2,0.198791,0.891460,0.082177,0.770931,0.625888,0.051924
506,8.436742,2,0.198788,0.892132,0.078400,0.774788,0.628209,0.059524
507,8.453416,2,0.198724,0.892351,0.081154,0.774033,0.621353,0.037431
508,8.470089,2,0.198108,0.892312,0.080465,0.768994,0.615825,0.044545
509,8.486763,2,0.199268,0.892887,0.078835,0.765016,0.621813,0.063756
510,8.503436,2,0.198590,0.893857,0.081589,0.763557,0.625908,0.070380
511,8.520109,2,0.199014,0.894476,0.078316,0.764202,0.626329,0.069556
512,8.536783,2,0.199812,0.895782,0.078526,0.765155,0.630869,0.068853
513,8.553456,2,0.199152,0.896465,0.080570,0.765281,0.627953,0.065668
514,8.570130,2,0.200107,0.897061,0.081136,0.765365,0.629832,0.063076
515,8.586803,2,0.198679,0.896147,0.082182,0.763883,0.627920,0.062625
516,8.603477,2,0.198718,0.897485,0.081559,0.764363,0.626444,0.060511
517,8.620150,2,0.198587,0.898994,0.081141,0.764222,0.622257,0.047116
518,8.636823,2,0.198564,0.900124,0.079799,0.765965,0.619724,0.031742
519,8.653497,2,0.197876,0.901999,0.081347,0.763281,0.631876,0.041917
520,8.670170,2,0.198098,0.902137,0.081284,0.765774,0.634770,0.045208
521,8.686844,2,0.198192,0.903060,0.081715,0.767405,0.640381,0.042657
522,8.703517,2,0.198032,0.902145,0.084777,0.767672,0.638865,0.045726
523,8.720190,2,0.198000,0.902977,0.081843,0.766782,0.637203,0.032699
524,8.736864,2,0.197480,0.904258,0.082968,0.765844,0.635654,0.046417
525,8.753537,2,0.196001,0.906803,0.083921,0.764791,0.634195,0.043049
526,8.770211,2,0.194633,0.910361,0.082853,0.764856,0.631509,0.048273
527,8.786884,2,0.193991,0.911421,0.085569,0.765021,0.629375,0.050576
528,8.803557,2,0.193916,0.912460,0.084355,0.765131,0.632038,0.053217
529,8.820231,2,0.192918,0.914561,0.084580,0.764736,0.635100,0.041275
530,8.836904,2,0.193004,0.913752,0.084082,0.765839,0.632309,0.046989
531,8.853578,2,0.192113,0.912787,0.085268,0.764513,0.629869,0.042603
532,8.870251,2,0.191629,0.912562,0.082343,0.765574,0.627909,0.046053
533,8.886924,2,0.189732,0.910076,0.083776,0.763697,0.628525,0.039386
534,8.903598,2,0.191846,0.909059,0.079677,0.764923,0.627404,0.055676
535,8.920271,2,0.190181,0.905929,0.083155,0.765263,0.624587,0.037141
536,8.936945,2,0.190778,0.904963,0.079759,0.765941,0.619303,0.034527
537,8.953618,2,0.190366,0.902164,0.082258,0.766221,0.620967,0.044357
538,8.970291,2,0.189968,0.901316,0.079818,0.762531,0.617407,0.053925
539,8.986965,2,0.188148,0.899814,0.078669,0.764704,0.618974,0.050382
540,9.003638,2,0.187739,0.900446,0.078879,0.764138,0.616983,0.051815
541,9.020312,2,0.186922,0.898418,0.079026,0.764515,0.618663,0.043502
542,9.036985,2,0.186635,0.897600,0.077929,0.764118,0.618883,0.050472
543,9.053658,2,0.186493,0.894719,0.077856,0.763672,0.619219,0.044804
544,9.070332,2,0.186217,0.893303,0.077086,0.763407,0.622761,0.039232
545,9.087005,2,0.185830,0.890572,0.075778,0.762555,0.622174,0.055113
546,9.103679,2,0.185565,0.888452,0.075954,0.762290,0.626073,0.048561
547,9.120352,2,0.184527,0.888766,0.074240,0.761921,0.624438,0.050675
548,9.137025,1,0.182965,0.887872,0.079258,nan,nan,nan
549,9.153699,1,0.183419,0.888084,0.073297,nan,nan,nan
550,9.170372,1,0.182657,0.887778,0.075257,nan,nan,nan
551,9.187046,1,0.182166,0.887143,0.074180,nan,nan,nan
552,9.203719,1,0.181988,0.888607,0.073670,nan,nan,nan
553,9.220392,1,0.181550,0.887976,0.074562,nan,nan,nan
554,9.237066,1,0.179991,0.890460,0.075623,nan,nan,nan
555,9.253739,1,0.180671,0.890966,0.074282,nan,nan,nan
556,9.270413,1,0.179930,0.892680,0.075908,nan,nan,nan
557,9.287086,1,0.179428,0.892438,0.078924,nan,nan,nan
558,9.303759,1,0.179666,0.894212,0.075878,nan,nan,nan
559,9.320433,1,0.178862,0.895210,0.077123,nan,nan,nan
560,9.337106,1,0.178955,0.896548,0.076100,nan,nan,nan
561,9.353780,1,0.178461,0.895941,0.077104,nan,nan,nan
562,9.370453,1,0.179332,0.897127,0.076201,nan,nan,nan
563,9.387126,1,0.178540,0.896875,0.077270,nan,nan,nan
564,9.403800,1,0.179156,0.896700,0.076819,nan,nan,nan
565,9.420473,1,0.179101,0.896407,0.077780,nan,nan,nan
566,9.437147,1,0.178935,0.896347,0.078055,nan,nan,nan
567,9.453820,1,0.179161,0.895919,0.077789,nan,nan,nan
568,9.470494,1,0.179213,0.896307,0.077843,nan,nan,nan
569,9.487167,1,0.179191,0.895683,0.078077,nan,nan,nan
570,9.503840,1,0.179073,0.895554,0.077682,nan,nan,nan
571,9.520514,1,0.179678,0.895980,0.076042,nan,nan,nan
572,9.537187,1,0.178846,0.895625,0.080592,nan,nan,nan
573,9.553861,1,0.178984,0.896653,0.077077,nan,nan,nan
574,9.570534,1,0.178961,0.896043,0.076983,nan,nan,nan
575,9.587207,1,0.179124,0.894976,0.077308,nan,nan,nan
576,9.603881,1,0.179452,0.895268,0.077337,nan,nan,nan
577,9.620554,1,0.179938,0.894469,0.076549,nan,nan,nan
578,9.637228,1,0.179928,0.895189,0.077198,nan,nan,nan
579,9.653901,1,0.179724,0.894506,0.077879,nan,nan,nan
580,9.670574,1,0.180431,0.894233,0.077135,nan,nan,nan
581,9.687248,1,0.180768,0.894277,0.074862,nan,nan,nan
582,9.703921,1,0.181467,0.893473,0.075959,nan,nan,nan
583,9.720595,1,0.181475,0.893957,0.077187,nan,nan,nan
584,9.737268,1,0.181213,0.894638,0.077231,nan,nan,nan
585,9.753941,1,0.182345,0.896808,0.075517,nan,nan,nan
586,9.770615,1,0.182194,0.897483,0.078221,nan,nan,nan
587,9.787288,1,0.183663,0.898648,0.075989,nan,nan,nan
588,9.803962,1,0.183300,0.897848,0.079840,nan,nan,nan
589,9.820635,1,0.184810,0.898453,0.074521,nan,nan,nan
590,9.837308,1,0.184727,0.899327,0.079341,nan,nan,nan
591,9.853982,1,0.184497,0.899455,0.078589,nan,nan,nan
592,9.870655,1,0.184895,0.899158,0.080100,nan,nan,nan
593,9.887329,1,0.184964,0.899431,0.080034,nan,nan,nan
594,9.904002,1,0.185435,0.900389,0.075491,nan,nan,nan
595,9.920675,1,0.185131,0.898928,0.077440,nan,nan,nan
596,9.937349,1,0.184966,0.897641,0.076391,nan,nan,nan
597,9.954022,1,0.185617,0.895847,0.075660,nan,nan,nan
598,9.970696,1,0.184967,0.894252,0.077836,nan,nan,nan
599,9.987369,1,0.185063,0.892642,0.079192,nan,nan,nan
600,10.004042,1,0.184015,0.890849,0.077938,nan,nan,nan
601,10.020716,1,0.184690,0.890736,0.077705,nan,nan,nan
602,10.037389,1,0.184136,0.889868,0.078257,nan,nan,nan
603,10.054063,1,0.184353,0.888810,0.076825,nan,nan,nan
604,10.070736,1,0.184149,0.887666,0.078267,nan,nan,nan
605,10.087409,1,0.184566,0.887565,0.078845,nan,nan,nan
606,10.104083,1,0.185367,0.885664,0.079429,nan,nan,nan
607,10.120756,1,0.185735,0.887916,0.077058,nan,nan,nan
608,10.137430,1,0.186890,0.888565,0.078455,nan,nan,nan
609,10.154103,1,0.185981,0.888346,0.080200,nan,nan,nan
610,10.170776,1,0.188555,0.888348,0.073412,nan,nan,nan
611,10.187450,1,0.187517,0.889274,0.076048,nan,nan,nan
612,10.204123,1,0.188798,0.890125,0.076258,nan,nan,nan
613,10.220797,1,0.188936,0.890368,0.074090,nan,nan,nan
614,10.237470,1,0.189150,0.891571,0.077378,nan,nan,nan
615,10.254144,1,0.190665,0.892406,0.075129,nan,nan,nan
616,10.270817,1,0.189918,0.892762,0.076976,nan,nan,nan
617,10.287490,1,0.191620,0.893677,0.075696,nan,nan,nan
618,10.304164,1,0.191940,0.894590,0.074666,nan,nan,nan
619,10.320837,1,0.192028,0.896354,0.079816,nan,nan,nan
620,10.337511,1,0.192782,0.897569,0.075204,nan,nan,nan
621,10.354184,1,0.193655,0.897460,0.074869,nan,nan,nan
622,10.370857,1,0.193958,0.899185,0.075047,nan,nan,nan
623,10.387531,1,0.194362,0.899213,0.075029,nan,nan,nan
624,10.404204,1,0.195747,0.899952,0.076480,nan,nan,nan
625,10.420878,1,0.196847,0.899639,0.075690,nan,nan,nan
626,10.437551,1,0.197230,0.898471,0.078183,nan,nan,nan
627,10.454224,1,0.198014,0.899361,0.078348,nan,nan,nan
628,10.470898,1,0.198929,0.899450,0.079616,nan,nan,nan
629,10.487571,1,0.200292,0.898023,0.080606,nan,nan,nan
630,10.504245,1,0.201280,0.897810,0.080681,nan,nan,nan
631,10.520918,1,0.202630,0.899293,0.078690,nan,nan,nan
632,10.537591,1,0.203379,0.896697,0.081949,nan,nan,nan
633,10.554265,1,0.204510,0.898558,0.078418,nan,nan,nan
634,10.570938,1,0.204638,0.898198,0.083274,nan,nan,nan
635,10.587612,1,0.205970,0.898473,0.080790,nan,nan,nan
636,10.604285,1,0.206123,0.899344,0.082211,nan,nan,nan
637,10.620958,1,0.206870,0.900692,0.082332,nan,nan,nan
638,10.637632,1,0.207867,0.900705,0.082359,nan,nan,nan
639,10.654305,1,0.208478,0.902900,0.082065,nan,nan,nan
640,10.670979,1,0.209519,0.900395,0.083643,nan,nan,nan
641,10.687652,1,0.210817,0.901414,0.081507,nan,nan,nan
642,10.704325,1,0.211345,0.901860,0.081317,nan,nan,nan
643,10.720999,1,0.212641,0.903523,0.078632,nan,nan,nan
644,10.737672,1,0.212660,0.903635,0.083092,nan,nan,nan
645,10.754346,1,0.214115,0.904239,0.081724,nan,nan,nan
646,10.771019,1,0.214756,0.905054,0.082954,nan,nan,nan
647,10.787692,1,0.215669,0.905850,0.083019,nan,nan,nan
648,10.804366,1,0.215989,0.906554,0.084235,nan,nan,nan
649,10.821039,1,0.216894,0.906752,0.082662,nan,nan,nan
650,10.837713,1,0.218046,0.908114,0.080441,nan,nan,nan
651,10.854386,1,0.218915,0.909322,0.081716,nan,nan,nan
652,10.871059,1,0.219844,0.908364,0.079962,nan,nan,nan
653,10.887733,1,0.220171,0.907558,0.080584,nan,nan,nan
654,10.904406,1,0.221387,0.907416,0.079725,nan,nan,nan
655,10.921080,1,0.221576,0.907741,0.079934,nan,nan,nan
656,10.937753,1,0.222846,0.908889,0.077151,nan,nan,nan
657,10.954426,1,0.221997,0.907544,0.078335,nan,nan,nan
658,10.971100,1,0.222523,0.907053,0.078798,nan,nan,nan
659,10.987773,1,0.223347,0.905683,0.079135,nan,nan,nan
660,11.004447,1,0.223621,0.905771,0.075726,nan,nan,nan
661,11.021120,1,0.222698,0.903185,0.080691,nan,nan,nan
662,11.037793,1,0.223490,0.901699,0.078942,nan,nan,nan
663,11.054467,1,0.223589,0.899734,0.080162,nan,nan,nan
664,11.071140,1,0.223822,0.898636,0.079887,nan,nan,nan
665,11.087814,1,0.223956,0.897691,0.079741,nan,nan,nan
666,11.104487,1,0.223508,0.897072,0.079457,nan,nan,nan
667,11.121161,1,0.223705,0.896646,0.082224,nan,nan,nan
668,11.137834,1,0.224048,0.895131,0.081874,nan,nan,nan
669,11.154507,1,0.224101,0.895579,0.081622,nan,nan,nan
670,11.171181,1,0.224678,0.894996,0.082011,nan,nan,nan
671,11.187854,1,0.224980,0.895764,0.078700,nan,nan,nan
672,11.204528,1,0.225451,0.894492,0.079291,nan,nan,nan
673,11.221201,1,0.225258,0.892597,0.081599,nan,nan,nan
674,11.237874,1,0.226657,0.891016,0.082248,nan,nan,nan
675,11.254548,1,0.226982,0.890541,0.079244,nan,nan,nan
676,11.271221,1,0.227253,0.889178,0.080922,nan,nan,nan
677,11.287895,1,0.228474,0.887968,0.081690,nan,nan,nan
678,11.304568,1,0.229636,0.886101,0.082391,nan,nan,nan
679,11.321241,2,0.229709,0.887333,0.080479,0.840976,0.466799,0.030781
680,11.337915,2,0.231453,0.885522,0.081088,0.845791,0.478273,0.039282
681,11.354588,2,0.232255,0.883829,0.081087,0.847469,0.489503,0.044745
682,11.371262,2,0.232674,0.885816,0.079628,0.848745,0.491237,0.039616
683,11.387935,2,0.233423,0.884483,0.082442,0.848991,0.491453,0.042386
684,11.404608,2,0.234747,0.884354,0.079986,0.850856,0.491293,0.041653
685,11.421282,2,0.235166,0.884818,0.080113,0.849988,0.492020,0.041000
686,11.437955,2,0.235141,0.883531,0.082703,0.850498,0.492650,0.044602
687,11.454629,2,0.236056,0.883207,0.080189,0.850790,0.491570,0.047007
688,11.471302,2,0.235817,0.884397,0.080692,0.848983,0.490442,0.043449
689,11.487975,2,0.235394,0.883774,0.080739,0.850851,0.490725,0.039206
690,11.504649,2,0.235240,0.883720,0.079618,0.850487,0.493242,0.041628
691,11.521322,2,0.235559,0.884349,0.081199,0.849898,0.490783,0.036594
692,11.537996,2,0.235612,0.883221,0.081282,0.847962,0.485695,0.033137
693,11.554669,2,0.235447,0.883894,0.078281,0.847938,0.479005,0.023155
694,11.571342,2,0.235638,0.883954,0.082258,0.846937,0.478539,0.016112
695,11.588016,2,0.234921,0.884178,0.079603,0.850035,0.480563,0.034334
696,11.604689,2,0.233982,0.882805,0.081766,0.850003,0.483475,0.035495
697,11.621363,2,0.233831,0.883271,0.081337,0.848582,0.480802,0.037335
698,11.638036,2,0.233865,0.883790,0.080936,0.849760,0.477004,0.020141
699,11.654709,2,0.233402,0.884213,0.080194,0.847979,0.477748,0.017111
700,11.671383,2,0.232875,0.883749,0.078365,0.849358,0.472673,0.018089
701,11.688056,2,0.231798,0.883450,0.078515,0.848986,0.472623,0.018591
702,11.704730,2,0.230802,0.882997,0.078375,0.850757,0.469597,0.023408
703,11.721403,2,0.230868,0.883150,0.077984,0.847339,0.468686,0.023488
704,11.738076,2,0.229767,0.881715,0.080813,0.849764,0.471195,0.029985
705,11.754750,2,0.228379,0.882164,0.079682,0.849351,0.469776,0.036395
706,11.771423,2,0.228969,0.880343,0.080115,0.852020,0.469514,0.038966
707,11.788097,2,0.228979,0.881419,0.076900,0.852291,0.472401,0.043361
708,11.804770,2,0.227746,0.879517,0.079962,0.857871,0.473862,0.039435
709,11.821443,2,0.227908,0.879501,0.077850,0.856833,0.475243,0.042424
710,11.838117,2,0.227579,0.878464,0.078539,0.858543,0.472438,0.041958
711,11.854790,2,0.226940,0.878585,0.078786,0.857717,0.466025,0.036712
712,11.871464,2,0.226634,0.876990,0.079931,0.857024,0.464342,0.036527
713,11.888137,2,0.225528,0.878804,0.080090,0.860170,0.458111,0.029049
714,11.904811,2,0.225872,0.876160,0.078620,0.860022,0.464777,0.038533
715,11.921484,2,0.224273,0.873052,0.082014,0.863692,0.466200,0.042469
716,11.938157,2,0.225439,0.874577,0.078806,0.865000,0.464373,0.045035
717,11.954831,2,0.224825,0.870626,0.080638,0.863451,0.459371,0.041199
718,11.971504,2,0.223226,0.870809,0.079602,0.865732,0.455991,0.041126
719,11.988178,2,0.224032,0.872212,0.078858,0.869001,0.461215,0.046924
720,12.004851,2,0.221679,0.869595,0.079147,0.871689,0.461205,0.043236
721,12.021524,2,0.222101,0.869291,0.077064,0.872346,0.458023,0.044012
722,12.038198,2,0.221389,0.868299,0.076563,0.872889,0.458277,0.046900
723,12.054871,2,0.220900,0.868730,0.076449,0.874603,0.456379,0.046069
724,12.071545,2,0.220995,0.868291,0.077654,0.876928,0.457268,0.042371
725,12.088218,2,0.220333,0.867518,0.077405,0.879371,0.456246,0.044711
726,12.104891,2,0.220805,0.866923,0.075611,0.879785,0.454987,0.042237
727,12.121565,2,0.220943,0.865866,0.077909,0.880636,0.453967,0.038200
728,12.138238,2,0.221599,0.865516,0.076775,0.881305,0.451637,0.038971
729,12.154912,2,0.221834,0.865455,0.077503,0.884672,0.449891,0.039525
730,12.171585,2,0.221830,0.866083,0.075936,0.882541,0.448009,0.044824
731,12.188258,2,0.221489,0.866560,0.078920,0.885981,0.445669,0.046489
732,12.204932,2,0.221969,0.866972,0.077196,0.888580,0.447845,0.045179
733,12.221605,2,0.222698,0.869011,0.075835,0.888385,0.445732,0.042564
734,12.238279,2,0.222250,0.868432,0.077698,0.888559,0.444320,0.043789
735,12.254952,2,0.223173,0.866804,0.078398,0.890504,0.444274,0.040505
736,12.271625,2,0.223748,0.866927,0.079015,0.891362,0.445077,0.041318
737,12.288299,2,0.224689,0.867625,0.077938,0.892061,0.443442,0.041656
738,12.304972,2,0.225189,0.867583,0.079072,0.893804,0.444007,0.037480
739,12.321646,2,0.225174,0.867217,0.079317,0.892814,0.441393,0.039222
740,12.338319,2,0.225614,0.866232,0.080075,0.894499,0.441162,0.040134
741,12.354992,2,0.225615,0.865822,0.078100,0.893206,0.439067,0.042685
742,12.371666,2,0.225829,0.865122,0.078572,0.895122,0.439958,0.039306
743,12.388339,2,0.226166,0.864884,0.079534,0.894328,0.438355,0.043020
744,12.405013,2,0.225722,0.863345,0.078746,0.895135,0.437349,0.037235
745,12.421686,2,0.226401,0.863028,0.077586,0.896762,0.435709,0.042361
746,12.438359,2,0.226060,0.861843,0.077462,0.895574,0.435065,0.039337
747,12.455033,2,0.225134,0.862082,0.077373,0.895442,0.431664,0.046813
748,12.471706,2,0.225385,0.858362,0.076224,0.898534,0.432998,0.048043
749,12.488380,2,0.225555,0.857279,0.075782,0.896727,0.432005,0.041624
750,12.505053,2,0.224222,0.855582,0.077205,0.896955,0.429723,0.040760
751,12.521726,2,0.224510,0.854368,0.075709,0.897980,0.429026,0.042559
752,12.538400,2,0.221278,0.851461,0.081726,0.899896,0.427706,0.039185
753,12.555073,2,0.221934,0.849565,0.078052,0.901312,0.424558,0.039105
754,12.571747,2,0.220097,0.847883,0.080229,0.900456,0.424251,0.043520
755,12.588420,2,0.219779,0.845612,0.077939,0.902121,0.422031,0.044876
756,12.605093,2,0.219450,0.843416,0.079470,0.904768,0.418190,0.036980
757,12.621767,2,0.217858,0.842003,0.078692,0.904887,0.417113,0.043268
758,12.638440,2,0.217645,0.839250,0.081089,0.905081,0.417063,0.043191
759,12.655114,2,0.216751,0.836418,0.082253,0.907650,0.415543,0.035540
760,12.671787,2,0.216087,0.835143,0.077648,0.910558,0.412805,0.041889
761,12.688461,2,0.215040,0.831204,0.084513,0.909060,0.411266,0.047583
762,12.705134,2,0.213910,0.828757,0.080647,0.911926,0.409250,0.037300
763,12.721807,2,0.212529,0.825777,0.081112,0.912116,0.403001,0.037320
764,12.738481,2,0.211027,0.824359,0.081687,0.911026,0.400506,0.042786
765,12.755154,2,0.209913,0.821483,0.081449,0.912640,0.398249,0.043232
766,12.771828,2,0.208265,0.818050,0.084003,0.913015,0.394772,0.049789
767,12.788501,2,0.207111,0.815913,0.082896,0.916735,0.393506,0.050346
768,12.805174,2,0.206485,0.811743,0.084309,0.915039,0.393191,0.057383
769,12.821848,2,0.205573,0.809457,0.082446,0.919193,0.392166,0.049864
770,12.838521,2,0.203745,0.805844,0.082531,0.921376,0.388986,0.048586
771,12.855195,2,0.202000,0.800889,0.085003,0.924231,0.387921,0.051215
772,12.871868,2,0.200065,0.799341,0.082202,0.924472,0.387139,0.049158
773,12.888541,2,0.198755,0.794803,0.085172,0.926426,0.384549,0.054764
774,12.905215,2,0.197437,0.791569,0.084577,0.930471,0.387613,0.047716
775,12.921888,2,0.196006,0.786913,0.083783,0.931538,0.383372,0.049934
776,12.938562,2,0.193784,0.782770,0.086974,0.930801,0.381026,0.050473
777,12.955235,2,0.192646,0.775998,0.088034,0.933001,0.378795,0.049748
778,12.971908,2,0.191646,0.772074,0.084421,0.933266,0.378234,0.047764
779,12.988582,2,0.190647,0.768423,0.085915,0.936910,0.379236,0.046996
780,13.005255,2,0.189369,0.765901,0.083303,0.937358,0.376683,0.048186
781,13.021929,2,0.187543,0.760778,0.084685,0.940997,0.375950,0.048315
782,13.038602,2,0.188818,0.757520,0.082210,0.941182,0.371578,0.052222
783,13.055275,2,0.186307,0.753838,0.082864,0.945590,0.370116,0.048710
784,13.071949,2,0.186025,0.748841,0.083865,0.948553,0.370810,0.046669
785,13.088622,2,0.185373,0.747275,0.080985,0.947838,0.368262,0.050039
786,13.105296,2,0.183808,0.743758,0.084564,0.950866,0.368778,0.045446
787,13.121969,2,0.183819,0.742456,0.078597,0.950652,0.364780,0.051111
788,13.138642,2,0.182151,0.739652,0.082007,0.952036,0.363222,0.047677
789,13.155316,2,0.180831,0.737665,0.078154,0.954260,0.364304,0.044143
790,13.171989,2,0.178560,0.734589,0.081679,0.958515,0.361810,0.044035
791,13.188663,2,0.180203,0.733177,0.077218,0.957560,0.359278,0.047269
792,13.205336,2,0.176019,0.729600,0.085509,0.957021,0.356585,0.043408
793,13.222009,2,0.176761,0.728125,0.079885,0.957946,0.354018,0.046266
794,13.238683,2,0.175839,0.727970,0.081448,0.957253,0.353808,0.041967
795,13.255356,2,0.175280,0.725966,0.078602,0.959719,0.355440,0.039705
796,13.272030,2,0.174069,0.725505,0.079875,0.962574,0.356422,0.041867
797,13.288703,2,0.174249,0.722360,0.080170,0.962085,0.357752,0.042607
798,13.305376,2,0.173598,0.722250,0.082138,0.962517,0.357638,0.039953
799,13.322050,2,0.173300,0.721018,0.079796,0.963629,0.358682,0.040792
800,13.338723,2,0.172460,0.720273,0.082879,0.964402,0.356517,0.043031
801,13.355397,2,0.172372,0.719856,0.080947,0.963263,0.358046,0.045553
802,13.372070,2,0.171641,0.719320,0.082657,0.962574,0.360922,0.041635
803,13.388743,2,0.171351,0.718598,0.082830,0.962430,0.359660,0.044779
804,13.405417,2,0.170718,0.719567,0.083443,0.962222,0.359357,0.042848
805,13.422090,2,0.169493,0.719009,0.082766,0.961720,0.360235,0.042674
806,13.438764,2,0.169808,0.718361,0.082116,0.960586,0.360129,0.043784
807,13.455437,2,0.168992,0.718179,0.081811,0.961427,0.361098,0.040605
808,13.472110,2,0.168104,0.716238,0.082388,0.959153,0.359545,0.045345
809,13.488784,2,0.168093,0.716805,0.079024,0.958959,0.358283,0.044146
810,13.505457,2,0.166480,0.715492,0.080344,0.960261,0.358122,0.040969
811,13.522131,2,0.165429,0.712284,0.079811,0.959483,0.358690,0.046471
812,13.538804,2,0.164952,0.710672,0.081628,0.961100,0.357819,0.040918
813,13.555478,2,0.164349,0.709690,0.078649,0.960497,0.355871,0.047513
814,13.572151,2,0.162871,0.705860,0.082598,0.961198,0.358495,0.042797
815,13.588824,2,0.164313,0.702569,0.079970,0.961252,0.355206,0.050562
816,13.605498,2,0.161201,0.699009,0.083223,0.964584,0.357205,0.046794
817,13.622171,2,0.161226,0.695768,0.081178,0.965076,0.355118,0.045143
818,13.638845,2,0.159458,0.692760,0.082168,0.965859,0.354832,0.047956
819,13.655518,2,0.160981,0.684408,0.082010,0.966964,0.355223,0.050348
820,13.672191,2,0.156687,0.680150,0.086642,0.969183,0.355592,0.047382
821,13.688865,2,0.158701,0.674734,0.082885,0.969076,0.353306,0.046416
822,13.705538,2,0.156384,0.671056,0.081157,0.969036,0.351702,0.047249
823,13.722212,2,0.155807,0.665436,0.083182,0.970818,0.346856,0.045218
824,13.738885,2,0.155526,0.659506,0.084174,0.970346,0.346689,0.049213
825,13.755558,2,0.154686,0.655575,0.084541,0.971806,0.343548,0.051608
826,13.772232,2,0.154709,0.647833,0.085445,0.972694,0.342500,0.052781
827,13.788905,2,0.154761,0.644629,0.082652,0.973217,0.339835,0.052651
828,13.805579,2,0.154238,0.639803,0.083833,0.972596,0.337897,0.051486
829,13.822252,2,0.154333,0.634777,0.080541,0.973428,0.339787,0.048436
830,13.838925,2,0.154113,0.630096,0.081372,0.976103,0.340726,0.048947
831,13.855599,2,0.154538,0.628825,0.078802,0.975331,0.340072,0.049401
832,13.872272,2,0.153553,0.625654,0.081706,0.976650,0.339577,0.052807
833,13.888946,2,0.153222,0.623170,0.081002,0.974746,0.335524,0.047655
834,13.905619,2,0.153027,0.620190,0.085404,0.974583,0.335553,0.048951
835,13.922292,2,0.154302,0.619671,0.079378,0.976692,0.340165,0.052283
836,13.938966,2,0.153476,0.618357,0.082721,0.976052,0.342488,0.046496
837,13.955639,2,0.153892,0.616891,0.083058,0.977020,0.343851,0.047279
838,13.972313,2,0.153990,0.618368,0.081720,0.976720,0.344834,0.051366
839,13.988986,2,0.153976,0.618626,0.083557,0.976975,0.345807,0.054768
840,14.005659,2,0.154242,0.617695,0.082421,0.976662,0.345680,0.051241
841,14.022333,2,0.153376,0.617359,0.084751,0.976482,0.345330,0.045428
842,14.039006,2,0.153693,0.616975,0.082972,0.976811,0.346336,0.045632
843,14.055680,2,0.152961,0.617089,0.084807,0.976043,0.346602,0.052013
844,14.072353,2,0.153690,0.616429,0.082824,0.977729,0.348328,0.050256
845,14.089026,2,0.152429,0.617496,0.083517,0.977959,0.347946,0.051192
846,14.105700,2,0.153333,0.616671,0.085358,0.976527,0.349307,0.053389
847,14.122373,2,0.151780,0.619186,0.085109,0.976713,0.350236,0.051719
848,14.139047,2,0.152238,0.617166,0.084968,0.977108,0.351372,0.050394
849,14.155720,2,0.150200,0.619167,0.084965,0.977196,0.351170,0.051475
850,14.172393,2,0.151351,0.618975,0.084019,0.977910,0.351191,0.049357
851,14.189067,2,0.149423,0.620623,0.085286,0.977749,0.352914,0.049495
852,14.205740,2,0.150244,0.619186,0.084964,0.977344,0.353955,0.050794
853,14.222414,2,0.150048,0.620608,0.086595,0.976382,0.357035,0.045881
854,14.239087,2,0.149544,0.621073,0.084421,0.975593,0.357394,0.052544
855,14.255760,2,0.149214,0.619597,0.086422,0.977104,0.361072,0.054214
856,14.272434,2,0.149131,0.618993,0.083190,0.975781,0.359008,0.052290
857,14.289107,2,0.149407,0.618319,0.085673,0.976002,0.363442,0.056304
858,14.305781,2,0.150183,0.617085,0.084736,0.977130,0.361918,0.050620
859,14.322454,2,0.150082,0.617596,0.086108,0.977019,0.363046,0.054527
860,14.339128,2,0.149947,0.616663,0.084832,0.976254,0.364641,0.056746
861,14.355801,2,0.149938,0.615768,0.085358,0.976296,0.364422,0.055040
862,14.372474,2,0.150207,0.615961,0.083433,0.976533,0.366827,0.054609
863,14.389148,2,0.150141,0.614084,0.085246,0.977620,0.367245,0.060232
864,14.405821,2,0.150466,0.612777,0.083437,0.979395,0.368139,0.060697
865,14.422495,2,0.149699,0.612334,0.082787,0.979788,0.364852,0.053919
866,14.439168,2,0.150707,0.610530,0.081229,0.979933,0.364960,0.058937
867,14.455841,2,0.150463,0.610532,0.082611,0.979176,0.365049,0.059195
868,14.472515,2,0.151670,0.608324,0.080966,0.979352,0.365584,0.056721
869,14.489188,2,0.149962,0.607882,0.082037,0.980435,0.368026,0.057612
870,14.505862,2,0.152331,0.605545,0.080988,0.979226,0.368079,0.056562
871,14.522535,2,0.149581,0.605605,0.080371,0.981898,0.371087,0.054327
872,14.539208,2,0.152235,0.602843,0.078709,0.980290,0.370138,0.055033
873,14.555882,2,0.149830,0.603344,0.080601,0.982704,0.369862,0.057015
874,14.572555,2,0.151228,0.600507,0.077990,0.981854,0.371370,0.058038
875,14.589229,2,0.150667,0.601837,0.077563,0.983139,0.371433,0.058401
876,14.605902,2,0.150432,0.599316,0.079951,0.982930,0.372026,0.059828
877,14.622575,2,0.150847,0.599228,0.077751,0.983857,0.371156,0.060051
878,14.639249,2,0.151566,0.599150,0.077414,0.982563,0.371369,0.061233
879,14.655922,2,0.151362,0.597249,0.078859,0.983998,0.371827,0.058813
880,14.672596,2,0.152047,0.595436,0.079035,0.983048,0.374819,0.061076
881,14.689269,2,0.152133,0.593920,0.079606,0.983643,0.373292,0.057064
882,14.705942,2,0.151658,0.593032,0.078524,0.984807,0.372235,0.058282
883,14.722616,2,0.151280,0.593550,0.079652,0.984983,0.372779,0.058720
884,14.739289,2,0.151199,0.593415,0.079179,0.984030,0.375522,0.059977
885,14.755963,2,0.150537,0.593043,0.079855,0.985789,0.375578,0.056726
886,14.772636,2,0.149889,0.592918,0.078895,0.986083,0.377427,0.062064
887,14.789309,2,0.149846,0.592001,0.078537,0.987099,0.378084,0.060907
888,14.805983,2,0.150654,0.592245,0.079375,0.987411,0.379510,0.061424
889,14.822656,2,0.148977,0.590809,0.078852,0.986976,0.381097,0.060320
890,14.839330,2,0.149125,0.588171,0.078756,0.986751,0.380771,0.060099
891,14.856003,2,0.148976,0.587740,0.080699,0.988081,0.382199,0.056635
892,14.872676,2,0.148010,0.588216,0.078978,0.988038,0.382468,0.057990
893,14.889350,2,0.147325,0.586681,0.079571,0.988442,0.381015,0.055490
894,14.906023,2,0.146710,0.587177,0.079615,0.988826,0.382354,0.054789
895,14.922697,2,0.147664,0.585410,0.078864,0.987679,0.380648,0.058470
896,14.939370,2,0.145911,0.585665,0.081799,0.990934,0.378443,0.058845
897,14.956043,2,0.146753,0.584638,0.080262,0.990395,0.378835,0.056350
898,14.972717,2,0.144603,0.582163,0.081873,0.991681,0.378963,0.056599
899,14.989390,2,0.144341,0.581566,0.081243,0.992224,0.377555,0.058085
900,15.006064,2,0.145124,0.579644,0.080106,0.992688,0.377572,0.059473
901,15.022737,2,0.143202,0.577876,0.080896,0.994197,0.374427,0.052855
902,15.039410,2,0.143102,0.578069,0.080101,0.994119,0.372780,0.056091
903,15.056084,2,0.143676,0.578105,0.078197,0.995630,0.372799,0.056379
904,15.072757,2,0.143346,0.576621,0.079471,0.996306,0.370232,0.056427
905,15.089431,2,0.143054,0.575521,0.081500,0.996236,0.367755,0.057226
906,15.106104,2,0.143209,0.574663,0.081504,0.997073,0.367170,0.056305
907,15.122777,2,0.142539,0.573622,0.081394,0.995269,0.365936,0.060267
908,15.139451,2,0.143064,0.572340,0.080792,0.997963,0.364110,0.056176
909,15.156124,2,0.142453,0.571338,0.081670,0.996699,0.364020,0.059902
910,15.172798,2,0.143470,0.569507,0.079839,0.995695,0.362620,0.058558
911,15.189471,2,0.142212,0.568655,0.081159,0.997018,0.359047,0.056269
912,15.206145,2,0.143189,0.567037,0.081012,0.994816,0.359835,0.059156
913,15.222818,2,0.142677,0.567001,0.081937,0.995747,0.358688,0.055293
914,15.239491,2,0.142801,0.567056,0.080626,0.996410,0.359576,0.058455
915,15.256165,2,0.143950,0.566057,0.080404,0.997481,0.362332,0.059174
916,15.272838,2,0.143152,0.564600,0.082435,0.994661,0.364688,0.056305
917,15.289512,2,0.143614,0.563761,0.081870,0.996272,0.361698,0.053206
918,15.306185,2,0.143325,0.563701,0.081414,0.994501,0.360999,0.054487
919,15.322858,2,0.143030,0.563370,0.081730,0.995444,0.361409,0.059110
920,15.339532,2,0.144545,0.562323,0.081126,0.994845,0.360872,0.054349
921,15.356205,2,0.143837,0.562968,0.081744,0.995673,0.362576,0.059752
922,15.372879,2,0.144133,0.562184,0.082150,0.994606,0.362568,0.056224
923,15.389552,2,0.143752,0.562912,0.081913,0.993900,0.364130,0.054980
924,15.406225,2,0.143075,0.561821,0.083214,0.994139,0.361631,0.054546
925,15.422899,2,0.143523,0.562933,0.080680,0.992177,0.361481,0.054432
926,15.439572,2,0.142695,0.563545,0.080401,0.993632,0.362275,0.057923
927,15.456246,2,0.142125,0.563376,0.081463,0.993380,0.363699,0.056451
928,15.472919,2,0.141808,0.562733,0.079834,0.992909,0.364349,0.060670
929,15.489592,2,0.141286,0.561541,0.081577,0.993729,0.365803,0.056606
930,15.506266,2,0.141172,0.560857,0.081936,0.991420,0.365478,0.058417
931,15.522939,2,0.141376,0.559335,0.081878,0.993681,0.363830,0.056009
932,15.539613,2,0.140910,0.559827,0.080908,0.992695,0.363361,0.054520
933,15.556286,2,0.140101,0.559559,0.081311,0.994512,0.363650,0.059199
934,15.572959,2,0.139691,0.559009,0.080945,0.992755,0.364541,0.058546
935,15.589633,2,0.140483,0.557093,0.081523,0.992473,0.365380,0.057144
936,15.606306,2,0.138351,0.558526,0.082081,0.991258,0.364496,0.059043
937,15.622980,2,0.139714,0.557150,0.080717,0.995108,0.362605,0.058597
938,15.639653,2,0.138853,0.558130,0.081031,0.991131,0.365554,0.058008
939,15.656326,2,0.138476,0.558619,0.081570,0.993822,0.364285,0.057125
940,15.673000,2,0.137880,0.558389,0.081572,0.991886,0.364618,0.054686
941,15.689673,2,0.139142,0.556236,0.081601,0.992128,0.363936,0.057823
942,15.706347,2,0.137172,0.557364,0.081540,0.992339,0.363187,0.058020
943,15.723020,2,0.138149,0.555754,0.080867,0.989547,0.363386,0.055822
944,15.739693,2,0.138977,0.554224,0.079962,0.989020,0.365728,0.055506
945,15.756367,2,0.137199,0.555485,0.080815,0.987587,0.364903,0.054818
946,15.773040,2,0.138614,0.554694,0.080691,0.985435,0.363202,0.057029
947,15.789714,2,0.138335,0.553378,0.081275,0.984581,0.363246,0.056964
948,15.806387,2,0.137703,0.553871,0.081804,0.983490,0.364143,0.057636
949,15.823060,2,0.138842,0.553088,0.080432,0.983092,0.362520,0.055295
950,15.839734,2,0.136574,0.556224,0.080500,0.983780,0.363120,0.055412
951,15.856407,2,0.138431,0.554853,0.082151,0.983037,0.366034,0.057796
952,15.873081,2,0.138715,0.554558,0.081990,0.981889,0.367129,0.057777
953,15.889754,2,0.137957,0.554199,0.082106,0.980704,0.365928,0.058816
954,15.906427,2,0.139126,0.552954,0.082562,0.980542,0.369606,0.057852
955,15.923101,2,0.138823,0.551553,0.082904,0.979862,0.373711,0.054416
956,15.939774,2,0.139823,0.548787,0.082206,0.978595,0.375350,0.053715
957,15.956448,2,0.139272,0.549379,0.083419,0.978354,0.375323,0.053446
958,15.973121,2,0.139365,0.548708,0.082748,0.976373,0.374338,0.054044
959,15.989795,2,0.139225,0.548145,0.082409,0.975493,0.376369,0.054300
960,16.006468,2,0.138347,0.548310,0.081869,0.976086,0.374196,0.053389
961,16.023141,2,0.139128,0.546374,0.082943,0.973958,0.376941,0.053317
962,16.039815,2,0.137100,0.547863,0.082455,0.973254,0.375758,0.051641
963,16.056488,2,0.139400,0.546068,0.080771,0.972944,0.377950,0.054839
964,16.073162,2,0.138202,0.548163,0.080736,0.971396,0.378252,0.053577
965,16.089835,2,0.138704,0.546220,0.079580,0.972753,0.378927,0.053074
966,16.106508,2,0.139952,0.544509,0.081557,0.971545,0.377232,0.053349
967,16.123182,2,0.138055,0.543676,0.082969,0.971020,0.374916,0.051858
968,16.139855,2,0.139178,0.542694,0.081590,0.971346,0.377297,0.054154
969,16.156529,2,0.138642,0.541778,0.083211,0.970254,0.373531,0.051028
970,16.173202,2,0.139100,0.540558,0.083705,0.970282,0.373547,0.052314
971,16.189875,2,0.138450,0.540190,0.081959,0.969395,0.369304,0.050977
972,16.206549,2,0.139456,0.538658,0.084340,0.969674,0.370815,0.053522
973,16.223222,2,0.137335,0.539394,0.084996,0.968810,0.368755,0.051382
974,16.239896,2,0.139484,0.538931,0.083378,0.968809,0.367729,0.050769
975,16.256569,2,0.137671,0.539471,0.086206,0.968266,0.367786,0.052097
976,16.273242,2,0.139394,0.537631,0.085225,0.968564,0.367703,0.050743
977,16.289916,2,0.138258,0.537966,0.084815,0.968155,0.365738,0.047355
978,16.306589,2,0.138700,0.537492,0.086748,0.967811,0.367657,0.048440
979,16.323263,2,0.138758,0.537677,0.085084,0.967561,0.364911,0.048744
980,16.339936,2,0.138875,0.537345,0.087336,0.967606,0.365255,0.048968
981,16.356609,2,0.138858,0.537287,0.086812,0.967499,0.366741,0.049934
982,16.373283,2,0.138578,0.538628,0.084792,0.966291,0.368142,0.049799
983,16.389956,2,0.138575,0.539194,0.087684,0.965808,0.366376,0.050391
984,16.406630,2,0.138816,0.540252,0.085567,0.964145,0.366689,0.050167
985,16.423303,2,0.139450,0.540395,0.084940,0.962820,0.367000,0.047292
986,16.439976,2,0.138393,0.539887,0.084983,0.960477,0.366830,0.044149
987,16.456650,2,0.139317,0.540944,0.084397,0.961039,0.365215,0.048270
988,16.473323,2,0.139994,0.540588,0.085307,0.958204,0.364552,0.044552
989,16.489997,2,0.139009,0.541202,0.085521,0.956617,0.362872,0.047752
990,16.506670,2,0.138792,0.541672,0.086698,0.954055,0.366419,0.048112
991,16.523343,2,0.139543,0.543296,0.082427,0.953798,0.368002,0.042549
992,16.540017,2,0.139320,0.544239,0.085342,0.950657,0.369714,0.047854
993,16.556690,2,0.139706,0.544282,0.083224,0.949135,0.370511,0.046674
994,16.573364,2,0.139698,0.545049,0.083684,0.947567,0.371740,0.046046
995,16.590037,2,0.139898,0.546851,0.081363,0.944641,0.373082,0.045174
996,16.606710,2,0.139577,0.547392,0.085986,0.942433,0.375661,0.045402
997,16.623384,2,0.140234,0.547131,0.083957,0.941027,0.376867,0.049383
998,16.640057,2,0.139928,0.549695,0.084361,0.938665,0.376503,0.046071
999,16.656731,2,0.139698,0.549548,0.084817,0.935728,0.373228,0.050713
1000,16.673404,2,0.139936,0.551096,0.084599,0.932044,0.378097,0.048829
1001,16.690077,2,0.140712,0.549888,0.086040,0.929685,0.376695,0.047859
1002,16.706751,2,0.139321,0.551415,0.083492,0.927443,0.377305,0.049200
1003,16.723424,2,0.139509,0.553177,0.085204,0.923710,0.381115,0.047143
1004,16.740098,2,0.139343,0.552991,0.082845,0.921598,0.380645,0.048231
1005,16.756771,2,0.139749,0.552089,0.082616,0.919385,0.380101,0.048813
1006,16.773445,2,0.139152,0.552255,0.082157,0.915740,0.381279,0.050077
1007,16.790118,2,0.139326,0.551255,0.083350,0.913763,0.379861,0.049942
1008,16.806791,2,0.138740,0.552040,0.081597,0.910940,0.380001,0.049605
1009,16.823465,2,0.138566,0.553032,0.083379,0.909402,0.377059,0.048028
1010,16.840138,2,0.138381,0.552036,0.082987,0.907075,0.377295,0.048894
1011,16.856812,2,0.138259,0.551857,0.083936,0.904771,0.377109,0.047493
1012,16.873485,2,0.139091,0.551039,0.082503,0.903175,0.375793,0.050486
1013,16.890158,2,0.137163,0.552426,0.082814,0.902744,0.375251,0.046516
1014,16.906832,2,0.136364,0.553468,0.083365,0.901364,0.376250,0.045392
1015,16.923505,2,0.136898,0.554046,0.080873,0.899190,0.376728,0.046388
1016,16.940179,2,0.136714,0.553414,0.081341,0.898473,0.377861,0.042274
1017,16.956852,2,0.136232,0.553737,0.082854,0.897442,0.378709,0.042604
1018,16.973525,2,0.136282,0.553298,0.082526,0.895140,0.379089,0.043748
1019,16.990199,2,0.136358,0.554192,0.081742,0.893334,0.380840,0.041902
1020,17.006872,2,0.137223,0.554909,0.081256,0.890761,0.380599,0.042027
1021,17.023546,2,0.136129,0.554216,0.082389,0.889365,0.381511,0.043764
1022,17.040219,2,0.136622,0.555135,0.082969,0.889155,0.381832,0.039643
1023,17.056892,2,0.137033,0.555186,0.082534,0.887586,0.380634,0.043035
1024,17.073566,2,0.135677,0.556020,0.082581,0.885112,0.382360,0.045300
1025,17.090239,2,0.137200,0.555344,0.081211,0.884003,0.384514,0.044238
1026,17.106913,2,0.135506,0.556233,0.082554,0.882295,0.383383,0.044557
1027,17.123586,2,0.137458,0.556229,0.081914,0.880572,0.383275,0.045484
1028,17.140259,2,0.136083,0.556801,0.080740,0.879000,0.384516,0.045855
1029,17.156933,2,0.136182,0.556678,0.082098,0.877242,0.384845,0.044783
1030,17.173606,2,0.135601,0.557919,0.081639,0.877661,0.385212,0.043929
1031,17.190280,2,0.136630,0.557150,0.080966,0.878501,0.388203,0.043466
1032,17.206953,2,0.134307,0.559921,0.082104,0.878180,0.388971,0.044321
1033,17.223626,2,0.135465,0.559084,0.079139,0.875702,0.386482,0.042914
1034,17.240300,2,0.133396,0.561986,0.079370,0.875065,0.389336,0.045725
1035,17.256973,2,0.134130,0.561397,0.077218,0.873286,0.389174,0.039817
1036,17.273647,2,0.132946,0.562907,0.079396,0.875267,0.389320,0.043493
1037,17.290320,2,0.133297,0.561527,0.078235,0.874116,0.386566,0.043203
1038,17.306993,2,0.132306,0.562967,0.078015,0.870505,0.385271,0.040202
1039,17.323667,2,0.132871,0.560744,0.078547,0.871316,0.386807,0.045387
1040,17.340340,2,0.132897,0.559987,0.078774,0.869565,0.386892,0.043222
1041,17.357014,2,0.131266,0.561650,0.080861,0.869979,0.386682,0.041417
1042,17.373687,2,0.133375,0.560266,0.078615,0.869620,0.385530,0.042270
1043,17.390360,2,0.131949,0.562118,0.078787,0.867325,0.385427,0.044951
1044,17.407034,2,0.133914,0.560951,0.078251,0.867901,0.385386,0.042525
1045,17.423707,2,0.130401,0.563165,0.079641,0.866217,0.385430,0.038600
1046,17.440381,2,0.133173,0.561257,0.079784,0.866784,0.383827,0.038994
1047,17.457054,2,0.131694,0.561527,0.081318,0.865116,0.383367,0.043349
1048,17.473727,2,0.133955,0.560321,0.079844,0.864218,0.382553,0.045707
1049,17.490401,2,0.133406,0.560237,0.080830,0.864335,0.382000,0.047134
1050,17.507074,2,0.134071,0.561480,0.080447,0.863133,0.381479,0.041560
1051,17.523748,2,0.133320,0.563032,0.079923,0.863856,0.381874,0.044068
1052,17.540421,2,0.135126,0.561186,0.082988,0.862424,0.381824,0.037786
1053,17.557094,2,0.133659,0.564769,0.079306,0.861467,0.379969,0.041319
1054,17.573768,2,0.134620,0.563333,0.080108,0.861201,0.380363,0.041675
1055,17.590441,2,0.133513,0.566251,0.081100,0.860655,0.379768,0.041922
1056,17.607115,2,0.134438,0.565097,0.080490,0.860739,0.379401,0.044416
1057,17.623788,2,0.133286,0.565986,0.078672,0.860234,0.378904,0.041274
1058,17.640462,2,0.134470,0.565295,0.080694,0.858939,0.376610,0.043128
1059,17.657135,2,0.134014,0.566182,0.079234,0.857704,0.376711,0.042093
1060,17.673808,2,0.134052,0.566108,0.081449,0.858191,0.377768,0.041870
1061,17.690482,2,0.134601,0.565660,0.078782,0.856968,0.377850,0.042721
1062,17.707155,2,0.134045,0.566553,0.079417,0.855416,0.376686,0.039325
1063,17.723829,2,0.134633,0.564467,0.080671,0.852582,0.374234,0.040457
1064,17.740502,2,0.134209,0.565101,0.080188,0.852328,0.376689,0.042996
1065,17.757175,2,0.135378,0.563379,0.079448,0.851188,0.376663,0.045331
1066,17.773849,2,0.134413,0.564366,0.078373,0.850477,0.377374,0.041389
1067,17.790522,2,0.135887,0.563712,0.079472,0.848265,0.379590,0.043163
1068,17.807196,2,0.133551,0.564229,0.080085,0.848687,0.379676,0.041865
1069,17.823869,2,0.135066,0.563945,0.079665,0.846671,0.380609,0.042065
1070,17.840542,2,0.134918,0.564228,0.078587,0.844942,0.382186,0.038403
1071,17.857216,2,0.135967,0.563020,0.078612,0.842788,0.381142,0.043612
1072,17.873889,2,0.133917,0.565195,0.079291,0.843800,0.382447,0.039419
1073,17.890563,2,0.135549,0.564235,0.079478,0.841837,0.383734,0.044294
1074,17.907236,2,0.134765,0.566696,0.078014,0.843913,0.383736,0.038817
1075,17.923909,2,0.136285,0.565279,0.079605,0.842099,0.385719,0.043432
1076,17.940583,2,0.133515,0.566967,0.081840,0.842322,0.387634,0.039905
1077,17.957256,2,0.135427,0.566464,0.079715,0.841534,0.388570,0.040144
1078,17.973930,2,0.134081,0.566521,0.081341,0.842239,0.388314,0.039518
1079,17.990603,2,0.135834,0.565336,0.080087,0.842846,0.394444,0.040590
1080,18.007276,2,0.133819,0.567381,0.079305,0.841800,0.392064,0.041160
1081,18.023950,2,0.135965,0.565633,0.080311,0.842177,0.391396,0.038472
1082,18.040623,2,0.132766,0.568434,0.079925,0.841984,0.394818,0.041423
1083,18.057297,2,0.135794,0.566975,0.079022,0.840600,0.392963,0.041793
1084,18.073970,2,0.132843,0.567578,0.079313,0.839167,0.395562,0.043856
1085,18.090643,2,0.134390,0.566713,0.079559,0.839670,0.395197,0.041981
1086,18.107317,2,0.132856,0.567290,0.077210,0.839050,0.397499,0.043284
1087,18.123990,2,0.132729,0.566665,0.079760,0.839522,0.395801,0.045552
1088,18.140664,2,0.132758,0.564829,0.079394,0.838430,0.398415,0.043724
1089,18.157337,2,0.132987,0.564837,0.080535,0.839048,0.398499,0.043326
1090,18.174010,2,0.133314,0.564858,0.079567,0.838041,0.399152,0.043412
1091,18.190684,2,0.131750,0.566070,0.080526,0.839111,0.398850,0.043934
1092,18.207357,2,0.133045,0.564570,0.080684,0.836418,0.398936,0.038383
1093,18.224031,2,0.131921,0.567871,0.080132,0.836730,0.399159,0.043719
1094,18.240704,2,0.133447,0.566018,0.078547,0.835670,0.399297,0.040092
1095,18.257377,2,0.131046,0.568394,0.080516,0.835179,0.400417,0.042287
1096,18.274051,2,0.133878,0.567006,0.080455,0.834290,0.399790,0.040815
1097,18.290724,2,0.132256,0.569253,0.077925,0.833907,0.402024,0.040641
1098,18.307398,2,0.134979,0.568532,0.078656,0.833704,0.398200,0.038458
1099,18.324071,2,0.132422,0.570532,0.078251,0.831377,0.398878,0.044184
1100,18.340744,2,0.135178,0.569808,0.078254,0.831556,0.399297,0.042000
1101,18.357418,2,0.132532,0.572291,0.079409,0.829716,0.396995,0.039628
1102,18.374091,2,0.134155,0.571555,0.078084,0.827541,0.395288,0.040612
1103,18.390765,2,0.133555,0.572390,0.078935,0.826648,0.393753,0.044191
1104,18.407438,2,0.134264,0.570694,0.079969,0.826152,0.395069,0.045497
1105,18.424112,2,0.133703,0.570576,0.080082,0.826117,0.394709,0.045212
1106,18.440785,2,0.135640,0.569245,0.079456,0.826081,0.396605,0.042602
1107,18.457458,2,0.132870,0.570403,0.079752,0.825340,0.394380,0.040563
1108,18.474132,2,0.135667,0.569581,0.079406,0.822956,0.393062,0.040763
1109,18.490805,2,0.133451,0.569574,0.080155,0.822492,0.392514,0.040745
1110,18.507479,2,0.135654,0.569051,0.078814,0.820931,0.394457,0.042515
1111,18.524152,2,0.133728,0.570484,0.080343,0.820418,0.392054,0.040210
1112,18.540825,2,0.135619,0.568211,0.079231,0.819242,0.392695,0.042334
1113,18.557499,2,0.133491,0.569251,0.081411,0.819363,0.392398,0.042009
1114,18.574172,2,0.136263,0.567712,0.080091,0.817670,0.389575,0.040617
1115,18.590846,2,0.134468,0.568048,0.081514,0.817592,0.390898,0.041849
1116,18.607519,2,0.136109,0.565398,0.080080,0.817440,0.390285,0.041357
1117,18.624192,2,0.135792,0.565578,0.080217,0.817999,0.391309,0.039721
1118,18.640866,2,0.136548,0.563298,0.081257,0.815882,0.391398,0.038525
1119,18.657539,2,0.136529,0.564085,0.080521,0.815608,0.388004,0.039612
1120,18.674213,2,0.136580,0.562992,0.082147,0.814232,0.389090,0.038168
1121,18.690886,2,0.136242,0.562484,0.082032,0.814449,0.388440,0.036714
1122,18.707559,2,0.136845,0.560176,0.080509,0.815397,0.387249,0.037670
1123,18.724233,2,0.136156,0.560269,0.082220,0.814977,0.389114,0.037697
1124,18.740906,2,0.136827,0.559617,0.081964,0.814396,0.388512,0.037097
1125,18.757580,2,0.136552,0.559516,0.083772,0.813341,0.390307,0.040690
1126,18.774253,2,0.136466,0.559190,0.083705,0.812706,0.389437,0.039990
1127,18.790926,2,0.135870,0.559844,0.084501,0.811417,0.391902,0.035785
1128,18.807600,2,0.136311,0.558427,0.083579,0.810197,0.392381,0.036805
1129,18.824273,2,0.135282,0.559082,0.083814,0.811215,0.391726,0.035936
1130,18.840947,2,0.136258,0.559265,0.083689,0.810417,0.394298,0.035169
1131,18.857620,2,0.133806,0.562959,0.082090,0.809058,0.396208,0.034410
1132,18.874293,2,0.136387,0.561790,0.082335,0.808850,0.397468,0.036592
1133,18.890967,2,0.131033,0.564828,0.081586,0.808018,0.399206,0.034663
1134,18.907640,2,0.133561,0.565590,0.081924,0.808399,0.401573,0.034836
1135,18.924314,2,0.132993,0.564202,0.080985,0.807985,0.404677,0.033792
1136,18.940987,2,0.132873,0.563040,0.081238,0.807025,0.404392,0.037911
1137,18.957660,2,0.133735,0.562433,0.082440,0.806376,0.404619,0.038289
1138,18.974334,2,0.131444,0.566153,0.082327,0.805242,0.406013,0.036152
1139,18.991007,2,0.133351,0.564943,0.080776,0.802937,0.404477,0.039449
1140,19.007681,2,0.131084,0.567462,0.078903,0.802074,0.403259,0.035527
1141,19.024354,2,0.133525,0.564992,0.082131,0.800425,0.400501,0.035011
1142,19.041027,2,0.131716,0.564268,0.081836,0.797691,0.399431,0.035565
1143,19.057701,2,0.132222,0.563305,0.082856,0.797000,0.397606,0.037460
1144,19.074374,2,0.131855,0.561615,0.083302,0.794696,0.394337,0.036322
1145,19.091048,2,0.132772,0.561441,0.082604,0.792232,0.392743,0.036218
1146,19.107721,2,0.131434,0.561651,0.084165,0.790092,0.388704,0.037845
1147,19.124394,2,0.132084,0.561691,0.081665,0.789356,0.384904,0.042622
1148,19.141068,2,0.129987,0.564690,0.082432,0.789448,0.386047,0.041049
1149,19.157741,2,0.131505,0.561836,0.082786,0.786903,0.385988,0.039183
1150,19.174415,2,0.127695,0.565273,0.081713,0.784673,0.386033,0.042426
1151,19.191088,2,0.130086,0.563940,0.080259,0.782410,0.387823,0.043029
1152,19.207761,2,0.127477,0.565558,0.080583,0.780613,0.389750,0.044981
1153,19.224435,2,0.128465,0.563785,0.082113,0.778460,0.391074,0.042369
1154,19.241108,2,0.127727,0.565762,0.079150,0.775943,0.390792,0.046676
1155,19.257782,2,0.127310,0.564146,0.082020,0.775063,0.390606,0.044336
1156,19.274455,2,0.126705,0.564451,0.080497,0.774593,0.391615,0.041286
1157,19.291129,2,0.127215,0.564053,0.081173,0.774921,0.394750,0.040300
1158,19.307802,2,0.127672,0.564016,0.080377,0.775377,0.397988,0.039377
1159,19.324475,2,0.125666,0.564307,0.081858,0.773091,0.399092,0.037363
1160,19.341149,2,0.128944,0.562388,0.080368,0.772095,0.397666,0.041164
1161,19.357822,2,0.124730,0.563098,0.082507,0.771426,0.396587,0.040542
1162,19.374496,2,0.127906,0.561159,0.081577,0.771194,0.396433,0.039739
1163,19.391169,2,0.125857,0.562782,0.082959,0.769432,0.395882,0.035268
1164,19.407842,2,0.127357,0.559494,0.080546,0.769820,0.397550,0.038201
1165,19.424516,2,0.123662,0.563280,0.082073,0.769772,0.395883,0.034749
1166,19.441189,2,0.125278,0.560914,0.079911,0.768459,0.394600,0.036668
1167,19.457863,2,0.125304,0.560311,0.080031,0.766407,0.394883,0.037087
1168,19.474536,2,0.123466,0.560291,0.081663,0.766750,0.396526,0.035730
1169,19.491209,2,0.125816,0.558713,0.080426,0.766901,0.395606,0.033441
1170,19.507883,2,0.122558,0.561214,0.081756,0.764982,0.394788,0.039939
1171,19.524556,2,0.125716,0.557763,0.079647,0.765183,0.394912,0.036274
1172,19.541230,2,0.122201,0.561442,0.080638,0.763245,0.394438,0.036516
1173,19.557903,2,0.124147,0.556876,0.081346,0.762121,0.394746,0.037273
1174,19.574576,2,0.121347,0.560005,0.079760,0.761018,0.392485,0.037891
1175,19.591250,2,0.123210,0.556816,0.080374,0.759880,0.390936,0.038098
1176,19.607923,2,0.121955,0.558621,0.081082,0.759740,0.390711,0.039820
1177,19.624597,2,0.122177,0.557126,0.081879,0.758700,0.388900,0.038580
1178,19.641270,2,0.121906,0.555953,0.082539,0.758224,0.386934,0.038956
1179,19.657943,2,0.120427,0.557064,0.083184,0.755467,0.383895,0.040969
1180,19.674617,2,0.121293,0.558325,0.081488,0.752343,0.383676,0.040599
1181,19.691290,2,0.121648,0.557424,0.080255,0.751294,0.379949,0.039551
1182,19.707964,2,0.121428,0.559470,0.079726,0.748192,0.379457,0.038837
1183,19.724637,2,0.121712,0.559729,0.082066,0.747359,0.378584,0.042840
1184,19.741310,2,0.120217,0.559552,0.079960,0.745925,0.379680,0.041308
1185,19.757984,2,0.123179,0.558062,0.079971,0.744243,0.377316,0.041110
1186,19.774657,2,0.120219,0.559469,0.080221,0.744464,0.380046,0.042572
1187,19.791331,2,0.123457,0.558141,0.078682,0.742663,0.380598,0.042804
1188,19.808004,2,0.120908,0.559310,0.080006,0.742730,0.380597,0.042847
1189,19.824677,2,0.125192,0.557111,0.077059,0.743263,0.384296,0.043078
1190,19.841351,2,0.122142,0.555932,0.082458,0.741020,0.384360,0.042585
1191,19.858024,2,0.125260,0.554581,0.083063,0.740422,0.387542,0.042555
1192,19.874698,2,0.122373,0.556207,0.083402,0.739452,0.386218,0.041156
1193,19.891371,2,0.125232,0.557564,0.081216,0.738346,0.388620,0.039340
1194,19.908044,2,0.123860,0.560797,0.079436,0.737223,0.389060,0.040162
1195,19.924718,2,0.125690,0.557058,0.079933,0.734785,0.390328,0.038551
1196,19.941391,2,0.124155,0.560404,0.079173,0.734724,0.393326,0.039401
1197,19.958065,2,0.126831,0.559323,0.081704,0.733720,0.394346,0.037286
1198,19.974738,2,0.126893,0.561095,0.077383,0.732713,0.394823,0.036675
1199,19.991411,2,0.127143,0.559496,0.081794,0.730667,0.392880,0.038184
1200,20.008085,2,0.128204,0.562238,0.076852,0.728318,0.392193,0.042116
1201,20.024758,2,0.127839,0.563072,0.080758,0.726443,0.390242,0.045490
1202,20.041432,2,0.128283,0.561887,0.080196,0.728929,0.393987,0.040699
1203,20.058105,2,0.130035,0.562526,0.079038,0.728597,0.393226,0.040916
1204,20.074779,2,0.127860,0.562557,0.079990,0.728785,0.393287,0.040108
1205,20.091452,2,0.128616,0.561857,0.081183,0.728369,0.395569,0.044099
1206,20.108125,2,0.130094,0.561516,0.078872,0.726525,0.396900,0.039637
1207,20.124799,2,0.129658,0.560651,0.078526,0.725372,0.395893,0.044207
1208,20.141472,2,0.129515,0.559796,0.079904,0.724820,0.395715,0.045521
1209,20.158146,2,0.129483,0.557836,0.078255,0.723078,0.395728,0.047899
1210,20.174819,2,0.130229,0.557388,0.076130,0.721022,0.395217,0.046153
1211,20.191492,2,0.127525,0.558069,0.077187,0.721449,0.395179,0.045836
1212,20.208166,2,0.129556,0.559363,0.077689,0.721239,0.395894,0.047280
1213,20.224839,2,0.128862,0.557107,0.075799,0.720160,0.395234,0.047031
1214,20.241513,2,0.129078,0.555479,0.074435,0.718896,0.396000,0.048698
1215,20.258186,2,0.130616,0.554674,0.073711,0.718971,0.394881,0.051875
1216,20.274859,2,0.128045,0.554753,0.077053,0.717170,0.396136,0.047678
1217,20.291533,2,0.129498,0.555056,0.075275,0.715147,0.392074,0.047525
1218,20.308206,2,0.127688,0.554911,0.076344,0.713339,0.392190,0.049776
1219,20.324880,2,0.129361,0.553746,0.078099,0.711570,0.391854,0.048356
1220,20.341553,2,0.126864,0.554423,0.081338,0.710122,0.389729,0.046784
1221,20.358226,2,0.128828,0.552360,0.079556,0.708465,0.390962,0.048812
1222,20.374900,2,0.126951,0.554607,0.078372,0.707671,0.390094,0.047126
1223,20.391573,2,0.129319,0.551801,0.076391,0.706291,0.390004,0.048932
1224,20.408247,2,0.127434,0.554518,0.075507,0.704650,0.390672,0.046850
1225,20.424920,2,0.126816,0.553484,0.078330,0.703196,0.390046,0.045741
1226,20.441593,2,0.126263,0.552711,0.077159,0.700869,0.388366,0.044325
1227,20.458267,2,0.127439,0.553818,0.075901,0.698362,0.387076,0.047035
1228,20.474940,2,0.125964,0.554347,0.077898,0.696461,0.384752,0.044846
1229,20.491614,2,0.127348,0.552823,0.073426,0.697189,0.383240,0.045629
1230,20.508287,2,0.125888,0.552491,0.075247,0.696479,0.386498,0.048704
1231,20.524960,2,0.125003,0.553776,0.079659,0.692998,0.385877,0.048020
1232,20.541634,2,0.126866,0.551942,0.072898,0.693408,0.383421,0.049660
1233,20.558307,2,0.127446,0.553435,0.071152,0.691538,0.382888,0.050226
1234,20.574981,2,0.127427,0.554011,0.073653,0.691052,0.381664,0.052219
1235,20.591654,2,0.126888,0.553359,0.074139,0.689698,0.378368,0.051499
1236,20.608327,2,0.127157,0.554129,0.071638,0.689456,0.380933,0.048009
1237,20.625001,2,0.126431,0.552961,0.075067,0.687921,0.380222,0.048256
1238,20.641674,2,0.125554,0.550224,0.080149,0.686105,0.380204,0.045019
1239,20.658348,2,0.124619,0.548183,0.083098,0.685870,0.379639,0.045856
1240,20.675021,2,0.125698,0.551625,0.075674,0.684626,0.377565,0.051092
1241,20.691694,2,0.128626,0.552324,0.073868,0.683964,0.377835,0.050522
1242,20.708368,2,0.125922,0.549896,0.083539,0.682669,0.376909,0.049170
1243,20.725041,2,0.125450,0.546934,0.080803,0.681797,0.373495,0.049876
1244,20.741715,2,0.125524,0.549753,0.077883,0.680242,0.371864,0.046118
1245,20.758388,2,0.123188,0.550228,0.081760,0.678376,0.370551,0.048705
1246,20.775061,2,0.123998,0.553282,0.075443,0.676559,0.371172,0.050137
1247,20.791735,2,0.124337,0.554336,0.077110,0.675144,0.370962,0.048857
1248,20.808408,2,0.124718,0.553849,0.077271,0.674555,0.371493,0.050943
1249,20.825082,2,0.123278,0.555148,0.076059,0.672903,0.370485,0.051867
1250,20.841755,2,0.123489,0.557012,0.075050,0.671301,0.368789,0.051555
1251,20.858428,2,0.124347,0.557412,0.072421,0.669386,0.367297,0.050934
1252,20.875102,2,0.123244,0.558787,0.071385,0.669415,0.367290,0.050816
1253,20.891775,2,0.123515,0.558275,0.073105,0.668768,0.368004,0.052307
1254,20.908449,2,0.124257,0.558816,0.069594,0.669066,0.368922,0.051286
1255,20.925122,2,0.122983,0.558445,0.072360,0.670363,0.366259,0.048940
1256,20.941796,2,0.123771,0.559351,0.068685,0.669541,0.368745,0.049621
1257,20.958469,2,0.123585,0.556992,0.072501,0.666951,0.368923,0.046759
1258,20.975142,2,0.119948,0.556505,0.079403,0.664269,0.368329,0.047490
1259,20.991816,2,0.120137,0.558439,0.076355,0.663527,0.366501,0.047367
1260,21.008489,2,0.121550,0.558710,0.075236,0.662115,0.365809,0.047385
1261,21.025163,2,0.123830,0.557804,0.071146,0.661549,0.366625,0.043995
1262,21.041836,2,0.120408,0.559146,0.078268,0.659773,0.365506,0.048101
1263,21.058509,2,0.120759,0.554427,0.078556,0.658525,0.366208,0.041563
1264,21.075183,2,0.120098,0.553001,0.079919,0.657724,0.361434,0.046561
1265,21.091856,2,0.120793,0.555811,0.074464,0.656353,0.360057,0.046062
1266,21.108530,2,0.121806,0.557047,0.073077,0.655240,0.360149,0.043208
1267,21.125203,2,0.119054,0.554158,0.081170,0.654068,0.359690,0.044550
1268,21.141876,2,0.117203,0.550830,0.083055,0.653707,0.360218,0.042514
1269,21.158550,2,0.119029,0.552838,0.074314,0.653424,0.359682,0.043931
1270,21.175223,2,0.120350,0.550850,0.077464,0.652519,0.359014,0.040550
1271,21.191897,2,0.117948,0.553356,0.078706,0.652235,0.359012,0.047105
1272,21.208570,2,0.118951,0.552845,0.074543,0.652370,0.359502,0.049095
1273,21.225243,2,0.119511,0.552931,0.076363,0.654815,0.360641,0.045651
1274,21.241917,2,0.117949,0.550735,0.081717,0.654974,0.359400,0.046204
1275,21.258590,2,0.116465,0.547594,0.083084,0.654885,0.363131,0.045909
1276,21.275264,2,0.119007,0.550108,0.077393,0.654456,0.363643,0.046148
1277,21.291937,2,0.117899,0.548067,0.079698,0.652700,0.363542,0.044755
1278,21.308610,2,0.119537,0.548731,0.076880,0.651006,0.363002,0.044613
1279,21.325284,2,0.119747,0.547936,0.078827,0.650838,0.363254,0.041434
1280,21.341957,2,0.120337,0.545414,0.078997,0.649802,0.363553,0.044214
1281,21.358631,2,0.120764,0.548533,0.076084,0.648203,0.365175,0.044128
1282,21.375304,2,0.119631,0.548999,0.078137,0.646026,0.364168,0.046837
1283,21.391977,2,0.119409,0.549604,0.082669,0.646323,0.364205,0.040535
1284,21.408651,2,0.121686,0.553805,0.077738,0.643871,0.362597,0.043003
1285,21.425324,2,0.125268,0.555653,0.071530,0.642468,0.358099,0.044839
1286,21.441998,2,0.128345,0.556141,0.071797,0.640318,0.357961,0.046189
1287,21.458671,2,0.126706,0.555448,0.079623,0.639478,0.358465,0.047729
1288,21.475344,2,0.128824,0.554162,0.077055,0.637920,0.356735,0.047521
1289,21.492018,2,0.129623,0.554776,0.079119,0.635913,0.357749,0.047962
1290,21.508691,2,0.130280,0.556415,0.078067,0.634702,0.356343,0.049678
1291,21.525365,2,0.129197,0.558082,0.080398,0.633538,0.356960,0.048819
1292,21.542038,2,0.131725,0.556337,0.072001,0.632352,0.356116,0.048938
1293,21.558711,2,0.133510,0.559270,0.069915,0.631150,0.359388,0.047991
1294,21.575385,2,0.133439,0.560913,0.075177,0.629616,0.357835,0.047966
1295,21.592058,2,0.132382,0.561245,0.076141,0.628134,0.360259,0.046460
1296,21.608732,2,0.135838,0.557712,0.072853,0.625580,0.357833,0.050042
1297,21.625405,2,0.135736,0.556856,0.077299,0.625591,0.361171,0.044901
1298,21.642078,2,0.134771,0.558142,0.077230,0.622612,0.358438,0.050527
1299,21.658752,2,0.135245,0.557054,0.075861,0.622004,0.359216,0.050858
1300,21.675425,2,0.134591,0.556393,0.077544,0.619005,0.359328,0.049841
1301,21.692099,2,0.135189,0.556206,0.071358,0.617225,0.358484,0.048380
1302,21.708772,2,0.132864,0.553583,0.079650,0.616762,0.357866,0.046174
1303,21.725446,2,0.131033,0.554093,0.076385,0.614987,0.359475,0.050149
1304,21.742119,2,0.132451,0.554882,0.072559,0.616330,0.358059,0.049251
1305,21.758792,2,0.131769,0.554865,0.075093,0.612380,0.359260,0.052385
1306,21.775466,2,0.133859,0.551651,0.069550,0.610908,0.358812,0.051695
1307,21.792139,2,0.130573,0.549911,0.079659,0.610056,0.360275,0.049241
1308,21.808813,2,0.130521,0.548258,0.076597,0.607934,0.361368,0.050093
1309,21.825486,2,0.128548,0.545513,0.081311,0.607472,0.362077,0.049526
1310,21.842159,2,0.130840,0.547306,0.074034,0.606704,0.363413,0.051355
1311,21.858833,2,0.127853,0.546180,0.082125,0.606339,0.364348,0.048219
1312,21.875506,2,0.128541,0.546042,0.076906,0.606802,0.369318,0.046989
1313,21.892180,2,0.126585,0.545485,0.083838,0.603765,0.370049,0.045942
1314,21.908853,2,0.124378,0.545473,0.085403,0.602393,0.370976,0.049872
1315,21.925526,2,0.123553,0.546310,0.081771,0.602298,0.372495,0.048121
1316,21.942200,2,0.123444,0.545333,0.081249,0.600035,0.373113,0.045560
1317,21.958873,2,0.120167,0.542742,0.088944,0.596685,0.374060,0.045883
1318,21.975547,2,0.119478,0.543789,0.086127,0.594130,0.379327,0.042640
1319,21.992220,2,0.119299,0.542509,0.086316,0.592004,0.377338,0.047363
1320,22.008893,2,0.118374,0.543604,0.084552,0.592763,0.379047,0.049079
1321,22.025567,2,0.116223,0.542477,0.092114,0.589010,0.381068,0.047171
1322,22.042240,2,0.114853,0.541293,0.093271,0.586709,0.384320,0.045188
1323,22.058914,2,0.114265,0.545308,0.086542,0.584338,0.388465,0.047786
1324,22.075587,2,0.111638,0.544585,0.090132,0.584161,0.389404,0.044502
1325,22.092260,2,0.110504,0.542346,0.091917,0.583334,0.394506,0.043868
1326,22.108934,2,0.108988,0.540840,0.093856,0.583989,0.394437,0.041760
1327,22.125607,2,0.105893,0.537821,0.096970,0.583182,0.398325,0.038012
1328,22.142281,2,0.104422,0.536246,0.095470,0.582199,0.400920,0.036788
1329,22.158954,2,0.103304,0.535235,0.092858,0.582757,0.405527,0.037781
1330,22.175627,2,0.101501,0.536974,0.093088,0.581212,0.402529,0.041144
1331,22.192301,2,0.100747,0.536593,0.094721,0.579877,0.403417,0.045961
1332,22.208974,2,0.100993,0.535662,0.092966,0.578302,0.404716,0.043433
1333,22.225648,2,0.098136,0.532665,0.095138,0.576082,0.407435,0.041753
1334,22.242321,2,0.099067,0.533969,0.094587,0.574518,0.406871,0.043340
1335,22.258994,2,0.094697,0.531305,0.094025,0.571129,0.407775,0.044557
1336,22.275668,2,0.098857,0.536130,0.090021,0.569514,0.409757,0.044585
1337,22.292341,2,0.094485,0.528476,0.093573,0.570733,0.403238,0.043419
1338,22.309015,2,0.094341,0.528866,0.092007,0.569912,0.410069,0.042548
1339,22.325688,2,0.092595,0.526894,0.092686,0.569240,0.405181,0.040065
1340,22.342361,2,0.091952,0.524223,0.092867,0.569220,0.406679,0.041721
1341,22.359035,2,0.089787,0.522163,0.093747,0.567557,0.405786,0.041697
1342,22.375708,2,0.088288,0.519825,0.095597,0.565753,0.406618,0.041823
1343,22.392382,2,0.090294,0.518313,0.093189,0.564575,0.402617,0.045329
1344,22.409055,2,0.092031,0.518685,0.092644,0.564190,0.404883,0.047559
1345,22.425728,2,0.089688,0.514207,0.091451,0.562318,0.407470,0.042758
1346,22.442402,2,0.087304,0.513637,0.094153,0.561894,0.405560,0.049437
1347,22.459075,2,0.087514,0.514285,0.091192,0.562893,0.405575,0.042482
1348,22.475749,2,0.087917,0.513368,0.090774,0.562340,0.404712,0.045193
1349,22.492422,2,0.085267,0.515583,0.089737,0.562520,0.408973,0.042996
1350,22.509096,2,0.085357,0.515324,0.090243,0.564202,0.409142,0.039981
1351,22.525769,2,0.083973,0.516153,0.091664,0.562816,0.405981,0.041003
1352,22.542442,2,0.082468,0.511902,0.094386,0.560758,0.407256,0.041750
1353,22.559116,2,0.083795,0.510629,0.092786,0.560712,0.408380,0.037771
1354,22.575789,2,0.083063,0.507649,0.091759,0.560535,0.409137,0.041634
1355,22.592463,2,0.081733,0.506224,0.090838,0.560136,0.409476,0.034751
1356,22.609136,2,0.082764,0.505847,0.087161,0.559414,0.408039,0.044312
1357,22.625809,2,0.081985,0.505145,0.091254,0.563871,0.414710,0.041881
1358,22.642483,2,0.078133,0.502494,0.088183,0.563293,0.414404,0.042874
1359,22.659156,2,0.076374,0.506491,0.083335,0.563242,0.411753,0.040387
1360,22.675830,2,0.074995,0.500550,0.083515,0.565129,0.411961,0.045858
1361,22.692503,2,0.073718,0.496156,0.084037,0.565107,0.416020,0.041900
1362,22.709176,2,0.072616,0.498363,0.083646,0.565535,0.415370,0.041072
1363,22.725850,2,0.071982,0.503012,0.081411,0.567030,0.417172,0.038667
1364,22.742523,2,0.069638,0.501086,0.081681,0.568909,0.418142,0.041060
1365,22.759197,2,0.064914,0.499652,0.079855,0.569036,0.418455,0.040263
1366,22.775870,2,0.064029,0.497012,0.079627,0.571029,0.420559,0.042598
1367,22.792543,2,0.061265,0.496603,0.078492,0.570022,0.418288,0.042521
1368,22.809217,2,0.060633,0.494224,0.077998,0.570838,0.418758,0.046259
1369,22.825890,2,0.060234,0.493845,0.076269,0.569995,0.418760,0.046589
1370,22.842564,2,0.056579,0.492849,0.079577,0.571121,0.421555,0.045496
1371,22.859237,2,0.054597,0.489816,0.077797,0.569705,0.419719,0.044333
1372,22.875910,2,0.052324,0.487132,0.078704,0.570921,0.422359,0.044318
1373,22.892584,2,0.052766,0.488432,0.075787,0.567802,0.420495,0.044842
1374,22.909257,2,0.051307,0.486343,0.077079,0.568872,0.423325,0.045603
1375,22.925931,2,0.051648,0.486020,0.074046,0.567710,0.421347,0.049283
1376,22.942604,2,0.051391,0.488200,0.074410,0.566951,0.420869,0.040550
1377,22.959277,2,0.051886,0.490192,0.074873,0.568567,0.421693,0.052391
1378,22.975951,2,0.051614,0.490430,0.074656,0.566980,0.419777,0.049538
1379,22.992624,2,0.049089,0.487300,0.077590,0.564209,0.418365,0.046706
1380,23.009298,2,0.047000,0.482083,0.076908,0.564200,0.420112,0.048239
1381,23.025971,2,0.048088,0.482653,0.075939,0.562923,0.419467,0.043659
1382,23.042644,2,0.048363,0.483830,0.075050,0.563304,0.418184,0.046791
1383,23.059318,2,0.048366,0.487076,0.077154,0.563391,0.415438,0.043657
1384,23.075991,2,0.047770,0.481733,0.078668,0.563766,0.413038,0.044693
1385,23.092665,2,0.047789,0.481181,0.075987,0.563160,0.414180,0.048667
1386,23.109338,2,0.046876,0.478056,0.077531,0.564922,0.417362,0.053121
1387,23.126011,2,0.045488,0.473667,0.077124,0.564525,0.416302,0.050655
1388,23.142685,2,0.045944,0.474754,0.077411,0.567493,0.418190,0.044675
1389,23.159358,2,0.044928,0.473277,0.073977,0.564010,0.414552,0.055433
1390,23.176032,2,0.045951,0.473841,0.077120,0.566467,0.419135,0.052124
1391,23.192705,2,0.044435,0.474252,0.073801,0.564674,0.417782,0.054004
1392,23.209378,2,0.043214,0.474242,0.075968,0.565197,0.420776,0.054619
1393,23.226052,2,0.043837,0.473273,0.076415,0.566202,0.419584,0.057688
1394,23.242725,2,0.042449,0.471923,0.073922,0.566617,0.419050,0.060373
1395,23.259399,2,0.042134,0.471598,0.077146,0.567626,0.418876,0.067526
1396,23.276072,2,0.042244,0.471440,0.076632,0.570307,0.421126,0.070954
1397,23.292745,2,0.041042,0.471838,0.077376,0.570294,0.418589,0.071407
1398,23.309419,2,0.040157,0.471110,0.078229,0.571702,0.417549,0.074815
1399,23.326092,2,0.038949,0.469062,0.078392,0.574788,0.417220,0.077890
1400,23.342766,2,0.039482,0.473101,0.078224,0.575554,0.418943,0.079801
1401,23.359439,2,0.035532,0.469201,0.077185,0.575357,0.420602,0.079663
1402,23.376113,2,0.037349,0.470618,0.078025,0.579960,0.418143,0.081737
1403,23.392786,2,0.036730,0.470855,0.079904,0.581549,0.419314,0.081174
1404,23.409459,2,0.036273,0.470093,0.078771,0.582179,0.420022,0.082328
1405,23.426133,2,0.036464,0.474914,0.076398,0.584638,0.420691,0.082569
1406,23.442806,2,0.034037,0.472516,0.076080,0.588142,0.421351,0.080568
1407,23.459480,2,0.034745,0.472081,0.075978,0.589800,0.423874,0.080190
1408,23.476153,2,0.033808,0.469830,0.079134,0.590458,0.425606,0.080355
1409,23.492826,2,0.034984,0.471943,0.077807,0.592275,0.427325,0.079758
1410,23.509500,2,0.032734,0.472340,0.079230,0.597309,0.427190,0.078600
1411,23.526173,2,0.034096,0.475930,0.075001,0.600485,0.430465,0.074748
1412,23.542847,2,0.034839,0.475556,0.077706,0.603621,0.434309,0.075906
1413,23.559520,2,0.032892,0.471193,0.076497,0.606581,0.436493,0.076251
1414,23.576193,2,0.035904,0.471419,0.074180,0.609461,0.437984,0.077090
1415,23.592867,2,0.034485,0.468607,0.077279,0.613061,0.441973,0.077787
1416,23.609540,2,0.036200,0.472091,0.074850,0.613556,0.442354,0.077729
1417,23.626214,2,0.036251,0.475207,0.073705,0.617302,0.443354,0.075950
1418,23.642887,2,0.038670,0.480327,0.071994,0.618711,0.445058,0.080103
1419,23.659560,2,0.037715,0.480833,0.075211,0.623410,0.445280,0.082923
1420,23.676234,2,0.038943,0.481384,0.072666,0.627485,0.449586,0.083700
1421,23.692907,2,0.040986,0.486608,0.073346,0.631575,0.451590,0.085234
1422,23.709581,2,0.041319,0.487586,0.073309,0.636735,0.455419,0.085270
1423,23.726254,2,0.042574,0.488498,0.071424,0.639894,0.457817,0.084046
1424,23.742927,2,0.042864,0.493102,0.072107,0.641172,0.460708,0.084656
1425,23.759601,2,0.044659,0.491634,0.071129,0.647342,0.463148,0.084494
1426,23.776274,2,0.046612,0.499611,0.071601,0.649578,0.465802,0.081494
1427,23.792948,2,0.048583,0.499965,0.071258,0.651903,0.468142,0.081951
1428,23.809621,2,0.049862,0.502265,0.071613,0.657490,0.472538,0.081575
1429,23.826294,2,0.049179,0.502053,0.073571,0.661215,0.473086,0.079246
1430,23.842968,2,0.049336,0.506436,0.073743,0.665512,0.475399,0.079392
1431,23.859641,2,0.051008,0.509562,0.071732,0.668506,0.478187,0.079515
1432,23.876315,2,0.050860,0.514252,0.071479,0.673010,0.480170,0.082373
1433,23.892988,2,0.054763,0.520458,0.070990,0.676665,0.481834,0.081079
1434,23.909661,2,0.055911,0.524287,0.071922,0.680044,0.483757,0.080050
1435,23.926335,2,0.057903,0.530551,0.072560,0.683502,0.484428,0.081786
1436,23.943008,2,0.057079,0.532147,0.075271,0.685712,0.486743,0.083090
1437,23.959682,2,0.056763,0.532830,0.075737,0.687735,0.487626,0.081423
1438,23.976355,2,0.058229,0.539234,0.074804,0.691482,0.489491,0.081807
1439,23.993028,2,0.058299,0.543050,0.073433,0.694723,0.489516,0.083153
1440,24.009702,2,0.059570,0.543462,0.075049,0.696145,0.490797,0.081255
1441,24.026375,2,0.062002,0.550339,0.076235,0.697296,0.488570,0.083654
1442,24.043049,2,0.063240,0.554467,0.077309,0.700777,0.489176,0.083451
1443,24.059722,2,0.066066,0.558881,0.077314,0.701422,0.489637,0.084397
1444,24.076395,2,0.066475,0.566363,0.078450,0.704677,0.487424,0.085559
1445,24.093069,2,0.069247,0.570319,0.076352,0.705859,0.486149,0.084139
1446,24.109742,2,0.071006,0.577032,0.073314,0.708834,0.482694,0.083377
1447,24.126416,2,0.072033,0.580430,0.070711,0.710503,0.482464,0.084098
1448,24.143089,2,0.071932,0.585465,0.070575,0.714672,0.480661,0.082939
1449,24.159763,2,0.073912,0.586399,0.070736,0.716471,0.477054,0.080605
1450,24.176436,2,0.075998,0.587309,0.070834,0.718457,0.474978,0.082312
1451,24.193109,2,0.077277,0.587573,0.071661,0.721980,0.474653,0.082242
1452,24.209783,2,0.079412,0.589036,0.073655,0.725363,0.473224,0.081842
1453,24.226456,2,0.079011,0.589435,0.072488,0.728363,0.473826,0.081277
1454,24.243130,2,0.081080,0.590321,0.074110,0.731795,0.471684,0.080322
1455,24.259803,2,0.080653,0.590703,0.073408,0.731924,0.470799,0.079808
1456,24.276476,2,0.081308,0.592463,0.074785,0.734781,0.470487,0.081552
1457,24.293150,2,0.081086,0.598392,0.074242,0.737774,0.471376,0.082577
1458,24.309823,2,0.082801,0.597004,0.074536,0.739952,0.473394,0.081223
1459,24.326497,2,0.079994,0.596816,0.073507,0.740543,0.474263,0.081141
1460,24.343170,2,0.083935,0.599911,0.074813,0.741974,0.471213,0.081309
1461,24.359843,2,0.083116,0.599859,0.073714,0.742836,0.472386,0.081475
1462,24.376517,2,0.084293,0.601121,0.075756,0.745776,0.472419,0.082099
1463,24.393190,2,0.084011,0.600233,0.076275,0.747003,0.472571,0.081498
1464,24.409864,2,0.084985,0.602273,0.073207,0.748969,0.473642,0.079876
1465,24.426537,2,0.085748,0.605547,0.075720,0.749606,0.473255,0.080746
1466,24.443210,2,0.085069,0.606715,0.075178,0.751016,0.473784,0.080171
1467,24.459884,2,0.087351,0.607682,0.074202,0.751429,0.475411,0.080954
1468,24.476557,2,0.087840,0.608329,0.071751,0.752299,0.475567,0.082091
1469,24.493231,2,0.088947,0.609698,0.072709,0.752711,0.477965,0.081295
1470,24.509904,2,0.086956,0.608388,0.072001,0.752956,0.478448,0.080451
1471,24.526577,2,0.089230,0.609178,0.074190,0.753200,0.480856,0.079457
1472,24.543251,2,0.086952,0.609673,0.071747,0.753195,0.481360,0.080561
1473,24.559924,2,0.090631,0.607856,0.071730,0.752495,0.481596,0.080468
1474,24.576598,2,0.089434,0.608523,0.071241,0.751726,0.481515,0.080053
1475,24.593271,2,0.089022,0.610310,0.072182,0.752269,0.482773,0.080301
1476,24.609944,2,0.088412,0.607948,0.073030,0.752277,0.482422,0.080359
1477,24.626618,2,0.090517,0.609495,0.073088,0.752700,0.486157,0.079851
1478,24.643291,2,0.087022,0.609376,0.072032,0.753482,0.485610,0.080255
1479,24.659965,2,0.087444,0.613111,0.072746,0.752521,0.488620,0.077668
1480,24.676638,2,0.086831,0.612311,0.072131,0.754374,0.486625,0.079278
1481,24.693311,2,0.086418,0.611572,0.072124,0.751234,0.489510,0.078783
1482,24.709985,2,0.085152,0.611944,0.073781,0.754484,0.488844,0.078867
1483,24.726658,2,0.087310,0.611948,0.073031,0.752642,0.491065,0.078652
1484,24.743332,2,0.085541,0.610237,0.072718,0.754111,0.489290,0.078235
1485,24.760005,2,0.084514,0.610983,0.073031,0.753839,0.491142,0.076900
1486,24.776678,2,0.083753,0.612690,0.073730,0.754141,0.490287,0.077640
1487,24.793352,2,0.083536,0.613355,0.075299,0.755408,0.491452,0.077605
1488,24.810025,2,0.083669,0.613231,0.074893,0.756583,0.493028,0.078586
1489,24.826699,2,0.083905,0.612980,0.072241,0.758745,0.496090,0.076938
1490,24.843372,2,0.082635,0.610062,0.073786,0.760543,0.497814,0.077885
1491,24.860045,2,0.083587,0.609727,0.072802,0.761523,0.500088,0.076996
1492,24.876719,2,0.083760,0.611410,0.074086,0.763326,0.500087,0.076295
1493,24.893392,2,0.084336,0.611348,0.073822,0.765581,0.501398,0.076683
1494,24.910066,2,0.084155,0.611993,0.073963,0.768184,0.503529,0.074592
1495,24.926739,2,0.083958,0.611984,0.072634,0.769874,0.503233,0.077573
1496,24.943412,2,0.083829,0.612512,0.073023,0.770178,0.505129,0.074702
1497,24.960086,2,0.083123,0.612467,0.073234,0.771684,0.504043,0.077036
1498,24.976759,2,0.085163,0.612974,0.074932,0.770337,0.502309,0.074709
1499,24.993433,2,0.083673,0.614348,0.075240,0.772648,0.505601,0.076258
1500,25.010106,2,0.086000,0.617476,0.073337,0.773207,0.505444,0.076266
1501,25.026780,2,0.085808,0.617433,0.073691,0.772242,0.504779,0.074287
1502,25.043453,2,0.085819,0.619139,0.073209,0.772648,0.505946,0.073542
1503,25.060126,2,0.087806,0.620841,0.073295,0.772447,0.505876,0.075873
1504,25.076800,2,0.086521,0.622501,0.070963,0.771119,0.507460,0.076382
1505,25.093473,2,0.088211,0.627219,0.071265,0.774491,0.509917,0.076163
1506,25.110147,2,0.087842,0.627393,0.069539,0.772556,0.512064,0.075526
1507,25.126820,2,0.089432,0.629275,0.071460,0.774025,0.514497,0.074838
1508,25.143493,2,0.089014,0.630788,0.071541,0.773314,0.515718,0.076299
1509,25.160167,2,0.088580,0.633927,0.071103,0.775152,0.519491,0.075907
1510,25.176840,2,0.090670,0.634829,0.073370,0.776618,0.517999,0.075828
1511,25.193514,2,0.089966,0.636519,0.071742,0.775272,0.519420,0.076567
1512,25.210187,2,0.091216,0.639887,0.071381,0.774345,0.520685,0.075169
1513,25.226860,2,0.091756,0.641459,0.072220,0.773268,0.521157,0.076296
1514,25.243534,2,0.091832,0.645097,0.071444,0.774807,0.522030,0.076594
1515,25.260207,2,0.092236,0.646785,0.072563,0.774538,0.523449,0.077692
1516,25.276881,2,0.093938,0.649658,0.071416,0.774243,0.522622,0.077081
1517,25.293554,2,0.093566,0.652707,0.070647,0.775964,0.523797,0.076946
1518,25.310227,2,0.095513,0.654116,0.070276,0.775762,0.523901,0.079038
1519,25.326901,2,0.096068,0.656934,0.071012,0.776228,0.524914,0.077207
1520,25.343574,2,0.095415,0.657658,0.070386,0.776822,0.524892,0.079178
1521,25.360248,2,0.095961,0.659639,0.071579,0.775690,0.526808,0.078107
1522,25.376921,2,0.094507,0.661077,0.070721,0.779828,0.530396,0.078675
1523,25.393594,2,0.095441,0.659137,0.071756,0.779568,0.525889,0.077584
1524,25.410268,2,0.094806,0.661114,0.071509,0.778602,0.527944,0.075175
1525,25.426941,2,0.094741,0.662327,0.071553,0.780334,0.526786,0.078963
1526,25.443615,2,0.094642,0.663490,0.072246,0.779074,0.527064,0.076844
1527,25.460288,2,0.097776,0.662664,0.071718,0.782224,0.531013,0.079158
1528,25.476961,2,0.096739,0.666558,0.071704,0.781736,0.528701,0.075334
1529,25.493635,2,0.095733,0.666875,0.070593,0.783452,0.528674,0.077793
1530,25.510308,2,0.097670,0.667031,0.071963,0.783747,0.529529,0.077507
1531,25.526982,2,0.096128,0.671008,0.071190,0.785961,0.530249,0.076932
1532,25.543655,2,0.099199,0.672042,0.070429,0.787584,0.531308,0.074769
1533,25.560328,2,0.098235,0.671388,0.071516,0.789352,0.532668,0.075002
1534,25.577002,2,0.099373,0.673275,0.071368,0.791258,0.536612,0.073763
1535,25.593675,2,0.098085,0.677011,0.070079,0.792333,0.536804,0.075558
1536,25.610349,2,0.102830,0.677965,0.070557,0.795237,0.539374,0.074458
1537,25.627022,2,0.099658,0.680804,0.070026,0.796841,0.537923,0.074777
1538,25.643695,2,0.101888,0.681385,0.071551,0.798843,0.542228,0.074946
1539,25.660369,2,0.100864,0.683527,0.071183,0.800748,0.542585,0.077512
1540,25.677042,2,0.100945,0.685372,0.071278,0.802566,0.547026,0.076268
1541,25.693716,2,0.102104,0.686612,0.070751,0.805094,0.545915,0.076807
1542,25.710389,2,0.102004,0.689408,0.071881,0.805510,0.547688,0.076566
1543,25.727062,2,0.103272,0.690800,0.072315,0.805573,0.548130,0.076849
1544,25.743736,2,0.104906,0.692720,0.069848,0.806279,0.549380,0.075527
1545,25.760409,2,0.105364,0.694493,0.071708,0.806258,0.549641,0.077113
1546,25.777083,2,0.106631,0.694353,0.072049,0.808088,0.549369,0.078395
1547,25.793756,2,0.106838,0.696522,0.072299,0.807448,0.547791,0.076545
1548,25.810430,2,0.107900,0.695518,0.072555,0.807874,0.547889,0.076563
1549,25.827103,2,0.109304,0.698793,0.072807,0.807764,0.547732,0.075018
1550,25.843776,2,0.108309,0.696023,0.071307,0.808704,0.545568,0.075970
1551,25.860450,2,0.110547,0.698340,0.071649,0.809343,0.545129,0.076838
1552,25.877123,2,0.110442,0.696843,0.071787,0.809204,0.546069,0.075959
1553,25.893797,2,0.111059,0.697312,0.072412,0.810004,0.547546,0.077038
1554,25.910470,2,0.113873,0.698467,0.072747,0.810524,0.547000,0.076799
1555,25.927143,2,0.113025,0.696844,0.073175,0.811513,0.546456,0.076531
1556,25.943817,2,0.114314,0.698165,0.074078,0.811815,0.547669,0.077512
1557,25.960490,2,0.116220,0.698192,0.072449,0.812352,0.548684,0.078596
1558,25.977164,2,0.115480,0.698835,0.074146,0.813375,0.549257,0.077344
1559,25.993837,2,0.116291,0.699956,0.074288,0.814061,0.551189,0.078125
1560,26.010510,2,0.116786,0.700702,0.073041,0.815418,0.551322,0.078066
1561,26.027184,2,0.117199,0.700780,0.073649,0.815159,0.549935,0.077354
1562,26.043857,2,0.117185,0.702697,0.074281,0.816512,0.551202,0.076574
1563,26.060531,2,0.120112,0.703579,0.072597,0.816943,0.550762,0.077413
1564,26.077204,2,0.118689,0.705880,0.072258,0.818884,0.550945,0.077637
1565,26.093877,2,0.120388,0.706682,0.075568,0.818621,0.550199,0.077430
1566,26.110551,2,0.120821,0.707094,0.072456,0.820265,0.552536,0.078482
1567,26.127224,2,0.121304,0.710177,0.075313,0.822060,0.553838,0.078516
1568,26.143898,2,0.122246,0.711137,0.074469,0.822753,0.553955,0.077985
1569,26.160571,2,0.122329,0.713696,0.074126,0.825659,0.552262,0.079095
1570,26.177244,2,0.122975,0.715956,0.073447,0.825305,0.553812,0.078063
1571,26.193918,2,0.122328,0.718441,0.072888,0.827333,0.553269,0.077843
1572,26.210591,2,0.123347,0.719923,0.072967,0.829819,0.550658,0.077571
1573,26.227265,2,0.125216,0.720698,0.073793,0.832209,0.553522,0.076375
1574,26.243938,2,0.123789,0.722872,0.073413,0.832971,0.552284,0.075510
1575,26.260611,2,0.124639,0.724256,0.074972,0.836037,0.549876,0.079362
1576,26.277285,2,0.123187,0.726520,0.076430,0.836602,0.551418,0.076906
1577,26.293958,2,0.124789,0.729585,0.075308,0.838313,0.550526,0.078704
1578,26.310632,2,0.124580,0.732512,0.075239,0.842428,0.549498,0.079759
1579,26.327305,2,0.126342,0.732828,0.074267,0.841903,0.551532,0.077041
1580,26.343978,2,0.125499,0.734518,0.075834,0.846557,0.549998,0.079391
1581,26.360652,2,0.126457,0.735846,0.075356,0.844685,0.548283,0.075266
1582,26.377325,2,0.127461,0.736891,0.075781,0.850485,0.549757,0.079327
1583,26.393999,2,0.127769,0.739182,0.075415,0.848515,0.550335,0.076183
1584,26.410672,2,0.128616,0.740824,0.075247,0.852372,0.550145,0.078599
1585,26.427345,2,0.129828,0.741433,0.075381,0.852153,0.548683,0.075437
1586,26.444019,2,0.130112,0.744812,0.076780,0.854206,0.547808,0.076901
1587,26.460692,2,0.131079,0.746015,0.076054,0.855547,0.551339,0.075852
1588,26.477366,2,0.131978,0.747385,0.077563,0.857095,0.552203,0.077214
1589,26.494039,2,0.133232,0.747426,0.076791,0.859992,0.551644,0.077938
1590,26.510712,2,0.133856,0.749793,0.075301,0.858553,0.553596,0.074675
1591,26.527386,2,0.135144,0.751195,0.073977,0.861087,0.553500,0.077238
1592,26.544059,2,0.135261,0.754174,0.074362,0.863315,0.554570,0.077643
1593,26.560733,2,0.136974,0.756086,0.073808,0.863924,0.554209,0.077111
1594,26.577406,2,0.135651,0.757822,0.074376,0.862608,0.556098,0.076527
1595,26.594080,2,0.137339,0.759392,0.074072,0.866148,0.558418,0.077802
1596,26.610753,2,0.135533,0.763665,0.076072,0.865582,0.559961,0.076308
1597,26.627426,2,0.136523,0.762745,0.074107,0.865348,0.563048,0.076648
1598,26.644100,2,0.136943,0.765233,0.074591,0.865514,0.564074,0.076710
1599,26.660773,2,0.136787,0.767570,0.073534,0.864917,0.565490,0.076484
1600,26.677447,2,0.136801,0.769830,0.074435,0.864318,0.566588,0.077276
1601,26.694120,2,0.136031,0.772694,0.074971,0.864425,0.566698,0.077004
1602,26.710793,2,0.134946,0.774520,0.076051,0.863252,0.568953,0.076908
1603,26.727467,2,0.134960,0.777275,0.074669,0.862849,0.568258,0.077117
1604,26.744140,2,0.135457,0.778690,0.073765,0.862664,0.567986,0.076850
1605,26.760814,2,0.134843,0.779591,0.075663,0.863464,0.569512,0.077538
1606,26.777487,2,0.133475,0.782719,0.075228,0.862358,0.571684,0.076795
1607,26.794160,2,0.133352,0.783428,0.075970,0.861241,0.570366,0.078535
1608,26.810834,2,0.134027,0.785339,0.076020,0.860100,0.573828,0.079091
1609,26.827507,2,0.134362,0.784523,0.076034,0.860922,0.571868,0.079038
1610,26.844181,2,0.134806,0.784735,0.076056,0.859638,0.574141,0.079441
1611,26.860854,2,0.136151,0.786034,0.077009,0.859099,0.574057,0.078999
1612,26.877527,2,0.135138,0.788192,0.077475,0.859179,0.575616,0.080166
1613,26.894201,2,0.135632,0.787610,0.076611,0.858997,0.576348,0.079090
1614,26.910874,2,0.136646,0.786888,0.076703,0.858618,0.579019,0.078560
1615,26.927548,2,0.136296,0.788980,0.076927,0.856919,0.579818,0.076188
1616,26.944221,2,0.136457,0.788992,0.075916,0.855846,0.581953,0.075255
1617,26.960894,2,0.137959,0.788695,0.074912,0.856142,0.583678,0.077629
1618,26.977568,2,0.138816,0.789351,0.076001,0.855199,0.583819,0.076979
1619,26.994241,2,0.138874,0.789167,0.075758,0.855455,0.587120,0.075823
1620,27.010915,2,0.139122,0.791377,0.076548,0.856277,0.586947,0.077390
1621,27.027588,2,0.139745,0.790214,0.074614,0.855196,0.588875,0.077005
1622,27.044261,2,0.140464,0.790711,0.075838,0.855764,0.591862,0.075408
1623,27.060935,2,0.140697,0.790016,0.075848,0.856357,0.593466,0.076260
1624,27.077608,2,0.140699,0.790832,0.075994,0.856812,0.595535,0.076235
1625,27.094282,2,0.141477,0.792852,0.076242,0.857411,0.598173,0.077140
1626,27.110955,2,0.141885,0.793947,0.077616,0.855630,0.599632,0.076607
1627,27.127628,2,0.142549,0.796181,0.077580,0.858021,0.604128,0.076886
1628,27.144302,2,0.143079,0.797097,0.077871,0.854921,0.600266,0.076601
1629,27.160975,2,0.143314,0.796994,0.076141,0.856045,0.602469,0.077514
1630,27.177649,2,0.143816,0.796990,0.075466,0.855914,0.605136,0.078684
1631,27.194322,2,0.145199,0.797237,0.076666,0.856918,0.605332,0.078828
1632,27.210995,2,0.145744,0.798505,0.076149,0.858517,0.607829,0.079222
1633,27.227669,2,0.145949,0.799203,0.076288,0.856260,0.605719,0.078048
1634,27.244342,2,0.146654,0.799025,0.075243,0.858265,0.605931,0.077906
1635,27.261016,2,0.147910,0.799613,0.076207,0.857830,0.605608,0.077595
1636,27.277689,2,0.148602,0.799783,0.076772,0.857140,0.606039,0.078580
1637,27.294362,2,0.148603,0.797512,0.075062,0.857561,0.605635,0.079380
1638,27.311036,2,0.149157,0.798214,0.076129,0.856301,0.601968,0.078927
1639,27.327709,2,0.149709,0.798437,0.076601,0.855557,0.602521,0.078442
1640,27.344383,2,0.149766,0.798385,0.076702,0.855676,0.601770,0.078703
1641,27.361056,2,0.149712,0.798672,0.075996,0.855113,0.600399,0.077705
1642,27.377729,2,0.149741,0.800849,0.077944,0.854183,0.600511,0.077672
1643,27.394403,2,0.150199,0.801413,0.077898,0.854961,0.600549,0.079380
1644,27.411076,2,0.151089,0.803417,0.077572,0.851788,0.596968,0.078161
1645,27.427750,2,0.151680,0.803837,0.077757,0.852517,0.598802,0.078715
1646,27.444423,2,0.151940,0.806783,0.077822,0.853382,0.596648,0.079409
1647,27.461097,2,0.152920,0.808620,0.078629,0.850046,0.595304,0.078760
1648,27.477770,2,0.152500,0.809416,0.077803,0.851421,0.595637,0.078753
1649,27.494443,2,0.153893,0.810511,0.077765,0.851618,0.595713,0.079376
1650,27.511117,2,0.154864,0.812218,0.078141,0.850482,0.594399,0.079355
1651,27.527790,2,0.156250,0.812585,0.076931,0.847744,0.593916,0.079230
1652,27.544464,2,0.156670,0.814843,0.078043,0.849914,0.592945,0.080195
1653,27.561137,2,0.157792,0.817754,0.077291,0.846874,0.589768,0.080661
1654,27.577810,2,0.158059,0.818594,0.078555,0.846505,0.588961,0.080136
1655,27.594484,2,0.159427,0.820790,0.078160,0.846712,0.587829,0.079845
1656,27.611157,2,0.160202,0.822059,0.078775,0.847548,0.586952,0.080023
1657,27.627831,2,0.161092,0.824178,0.078948,0.847802,0.584418,0.079535
1658,27.644504,2,0.161899,0.826027,0.078512,0.847506,0.582339,0.078860
1659,27.661177,2,0.162975,0.826211,0.076592,0.848924,0.584246,0.078980
1660,27.677851,2,0.162957,0.827798,0.076774,0.850264,0.583866,0.078640
1661,27.694524,2,0.162691,0.830051,0.077208,0.851046,0.583122,0.078149
1662,27.711198,2,0.164422,0.831113,0.076221,0.852041,0.584328,0.078119
1663,27.727871,2,0.166297,0.833635,0.075921,0.852696,0.583758,0.077945
1664,27.744544,2,0.166117,0.834835,0.077161,0.855339,0.584646,0.077284
1665,27.761218,2,0.167388,0.835244,0.074853,0.854391,0.581676,0.078111
1666,27.777891,2,0.168056,0.836651,0.073908,0.857227,0.583401,0.078481
1667,27.794565,2,0.168690,0.838903,0.074778,0.854258,0.579563,0.078974
1668,27.811238,2,0.168633,0.840830,0.074298,0.856726,0.580381,0.076834
1669,27.827911,2,0.168015,0.842916,0.074292,0.858587,0.580729,0.077390
1670,27.844585,2,0.169647,0.841190,0.072873,0.859755,0.580312,0.078881
1671,27.861258,2,0.169501,0.842467,0.072857,0.859917,0.578881,0.078225
1672,27.877932,2,0.169743,0.842663,0.073466,0.864430,0.580412,0.078420
1673,27.894605,2,0.170156,0.842251,0.073319,0.864525,0.580043,0.078688
1674,27.911278,2,0.169993,0.841881,0.072829,0.867068,0.579438,0.077920
1675,27.927952,2,0.170414,0.841324,0.072567,0.866960,0.576025,0.077332
1676,27.944625,2,0.169693,0.840976,0.072804,0.868940,0.576827,0.079450
1677,27.961299,2,0.169719,0.839867,0.071731,0.868116,0.575602,0.079356
1678,27.977972,2,0.169890,0.840243,0.072178,0.870642,0.574942,0.079159
1679,27.994645,2,0.169954,0.840275,0.071814,0.869525,0.574014,0.079924
1680,28.011319,2,0.169668,0.840393,0.072321,0.868845,0.573528,0.079395
1681,28.027992,2,0.169279,0.841793,0.072372,0.871245,0.570834,0.078896
1682,28.044666,2,0.168665,0.843494,0.072304,0.869259,0.571184,0.079429
1683,28.061339,2,0.168772,0.846080,0.071183,0.869343,0.570861,0.078849
1684,28.078012,2,0.168723,0.846452,0.069555,0.869650,0.572482,0.079780
1685,28.094686,2,0.167949,0.847439,0.070949,0.869086,0.574688,0.080018
1686,28.111359,2,0.168688,0.848668,0.069615,0.871404,0.576770,0.079685
1687,28.128033,2,0.168846,0.849811,0.068745,0.870116,0.578807,0.081316
1688,28.144706,2,0.168984,0.851922,0.070281,0.871679,0.582707,0.080855
1689,28.161379,2,0.168848,0.853591,0.071981,0.871780,0.581965,0.079741
1690,28.178053,2,0.169690,0.854042,0.072095,0.869623,0.582896,0.078600
1691,28.194726,2,0.169506,0.855928,0.072267,0.869529,0.586944,0.079772
1692,28.211400,2,0.169618,0.857057,0.071781,0.870750,0.588108,0.080327
1693,28.228073,2,0.170078,0.858913,0.073035,0.869329,0.588760,0.078031
1694,28.244747,2,0.169934,0.858168,0.072596,0.868107,0.589855,0.077147
1695,28.261420,2,0.170413,0.859049,0.071805,0.868579,0.593194,0.077860
1696,28.278093,2,0.170251,0.859329,0.071948,0.865844,0.595475,0.079232
1697,28.294767,2,0.170942,0.859887,0.072797,0.867738,0.595332,0.076287
1698,28.311440,2,0.170695,0.860923,0.074555,0.864373,0.596206,0.077600
1699,28.328114,2,0.171413,0.860517,0.073724,0.865043,0.597819,0.077001
1700,28.344787,2,0.172075,0.861992,0.074790,0.863626,0.602127,0.078272
1701,28.361460,2,0.172387,0.861601,0.073930,0.864168,0.600949,0.076659
1702,28.378134,2,0.173245,0.862752,0.074500,0.862330,0.599645,0.077445
1703,28.394807,2,0.173986,0.862395,0.074738,0.862724,0.601206,0.076436
1704,28.411481,2,0.175037,0.863710,0.074284,0.862982,0.601201,0.077142
1705,28.428154,2,0.176343,0.863316,0.074502,0.863930,0.600577,0.076895
1706,28.444827,2,0.176365,0.865341,0.074835,0.862563,0.603625,0.076681
1707,28.461501,2,0.177972,0.865684,0.073171,0.864103,0.603318,0.076254
1708,28.478174,2,0.178554,0.867710,0.073580,0.864782,0.605250,0.076496
1709,28.494848,2,0.179614,0.866950,0.073521,0.870121,0.605993,0.078327
1710,28.511521,2,0.179196,0.868225,0.073697,0.868496,0.607036,0.077879
1711,28.528194,2,0.179217,0.870348,0.075618,0.869780,0.609122,0.079293
1712,28.544868,2,0.181338,0.871810,0.073670,0.870762,0.610350,0.079289
1713,28.561541,2,0.182175,0.872190,0.075087,0.871854,0.612365,0.079857
1714,28.578215,2,0.182704,0.872913,0.074249,0.873976,0.613271,0.080521
1715,28.594888,2,0.182792,0.873360,0.076525,0.874979,0.613681,0.079168
1716,28.611561,2,0.183915,0.874470,0.076162,0.876148,0.614288,0.078980
1717,28.628235,2,0.184413,0.876034,0.076331,0.877355,0.616300,0.080214
1718,28.644908,2,0.185616,0.877971,0.076106,0.877658,0.617015,0.080251
1719,28.661582,2,0.186427,0.878482,0.074327,0.879361,0.617462,0.081219
1720,28.678255,2,0.188075,0.879759,0.075873,0.879786,0.618086,0.080949
1721,28.694928,2,0.188583,0.879721,0.075010,0.882757,0.617837,0.082473
1722,28.711602,2,0.189034,0.880468,0.075376,0.883250,0.617945,0.080225
1723,28.728275,2,0.189576,0.880827,0.076466,0.883375,0.616706,0.082416
1724,28.744949,2,0.191206,0.881375,0.076700,0.884788,0.617972,0.082431
1725,28.761622,2,0.191577,0.882662,0.076571,0.885960,0.618707,0.083904
1726,28.778295,2,0.192782,0.882912,0.076236,0.886666,0.617708,0.083687
1727,28.794969,2,0.193247,0.883748,0.076790,0.886191,0.617055,0.083078
1728,28.811642,2,0.193422,0.884257,0.078159,0.888750,0.619268,0.083210
1729,28.828316,2,0.192737,0.885623,0.078481,0.888450,0.618539,0.082117
1730,28.844989,2,0.193577,0.885800,0.078070,0.889424,0.618579,0.082993
1731,28.861662,2,0.193958,0.886324,0.076812,0.889787,0.620751,0.082757
1732,28.878336,2,0.194871,0.887605,0.078350,0.892291,0.620910,0.083942
1733,28.895009,2,0.195687,0.888959,0.077162,0.891669,0.622371,0.082328
1734,28.911683,2,0.197219,0.889247,0.076856,0.893759,0.623485,0.083895
1735,28.928356,2,0.196867,0.889312,0.077773,0.890775,0.623874,0.082879
1736,28.945029,2,0.197315,0.889040,0.077995,0.895201,0.624107,0.085012
1737,28.961703,2,0.198073,0.888348,0.076669,0.892140,0.626073,0.082563
1738,28.978376,2,0.198873,0.889551,0.077990,0.894136,0.624875,0.084395
1739,28.995050,2,0.199555,0.890323,0.077934,0.891731,0.628089,0.083073
1740,29.011723,2,0.200605,0.890934,0.077239,0.894322,0.626552,0.082245
1741,29.028396,2,0.201037,0.891276,0.078397,0.891382,0.628429,0.082888
1742,29.045070,2,0.201512,0.891521,0.077620,0.895953,0.632617,0.083364
1743,29.061743,2,0.201518,0.892756,0.078183,0.891804,0.638072,0.084178
1744,29.078417,2,0.202563,0.893283,0.077281,0.893545,0.635794,0.081564
1745,29.095090,2,0.202491,0.895151,0.077682,0.890711,0.638657,0.081653
1746,29.111764,2,0.203019,0.895620,0.077419,0.892415,0.641570,0.081836
1747,29.128437,2,0.203753,0.896711,0.079167,0.891764,0.643046,0.082361
1748,29.145110,2,0.202956,0.897375,0.079345,0.890034,0.646965,0.080777
1749,29.161784,2,0.203109,0.897303,0.077630,0.895067,0.648829,0.082158
1750,29.178457,2,0.203816,0.898035,0.077787,0.888659,0.653915,0.079271
1751,29.195131,2,0.205014,0.899758,0.079388,0.894924,0.650523,0.081317
1752,29.211804,2,0.205277,0.901533,0.080222,0.890803,0.654566,0.079209
1753,29.228477,2,0.205223,0.903038,0.080250,0.894363,0.653901,0.079622
1754,29.245151,2,0.205073,0.903167,0.080154,0.892861,0.654491,0.079512
1755,29.261824,2,0.205822,0.903436,0.080409,0.894791,0.653540,0.079386
1756,29.278498,2,0.206028,0.904363,0.079647,0.893376,0.653175,0.080105
1757,29.295171,2,0.206283,0.903577,0.081352,0.895654,0.654765,0.080414
1758,29.311844,2,0.206716,0.904253,0.079854,0.894418,0.655907,0.080426
1759,29.328518,2,0.207384,0.902765,0.081190,0.898432,0.658571,0.082222
1760,29.345191,2,0.208071,0.902483,0.080107,0.899066,0.661112,0.080406
1761,29.361865,2,0.207897,0.900823,0.080175,0.902464,0.662023,0.080328
1762,29.378538,2,0.207859,0.900372,0.079670,0.900474,0.665984,0.081633
1763,29.395211,2,0.208163,0.900363,0.079989,0.906072,0.661408,0.080235
1764,29.411885,2,0.208768,0.900514,0.079258,0.901229,0.665133,0.080546
1765,29.428558,2,0.208513,0.899970,0.080639,0.907764,0.663950,0.079297
1766,29.445232,2,0.208790,0.898655,0.078864,0.903988,0.667698,0.080076
1767,29.461905,2,0.208741,0.899752,0.078858,0.907424,0.666559,0.080061
1768,29.478578,2,0.208912,0.899316,0.080172,0.902414,0.669603,0.079959
1769,29.495252,2,0.209300,0.899067,0.079056,0.909265,0.668757,0.082016
1770,29.511925,2,0.208893,0.900940,0.080072,0.902170,0.672862,0.079183
1771,29.528599,2,0.209290,0.900568,0.079846,0.907650,0.670270,0.080372
1772,29.545272,2,0.209425,0.902124,0.078714,0.902952,0.670517,0.078688
1773,29.561945,2,0.209865,0.902522,0.079488,0.904018,0.674697,0.080475
1774,29.578619,2,0.210186,0.902545,0.079741,0.905690,0.671951,0.080744
1775,29.595292,2,0.210145,0.903352,0.080580,0.901266,0.675488,0.079400
1776,29.611966,2,0.210545,0.903772,0.079612,0.907859,0.675115,0.080999
1777,29.628639,2,0.210671,0.904854,0.079654,0.903678,0.675251,0.077804
1778,29.645312,2,0.210929,0.904148,0.079864,0.908134,0.674166,0.078417
1779,29.661986,2,0.210785,0.904325,0.080988,0.903846,0.671992,0.077160
1780,29.678659,2,0.211300,0.905869,0.080911,0.905767,0.670742,0.077554
1781,29.695333,2,0.211510,0.907052,0.080157,0.908768,0.670408,0.077918
1782,29.712006,2,0.211266,0.907609,0.079899,0.901774,0.673727,0.077834
1783,29.728679,2,0.210969,0.909138,0.079520,0.910733,0.668994,0.079042
1784,29.745353,2,0.210256,0.910719,0.079498,0.903201,0.672494,0.076557
1785,29.762026,2,0.210105,0.912258,0.078338,0.905447,0.667344,0.077853
1786,29.778700,2,0.209624,0.913029,0.078756,0.899984,0.670750,0.077756
1787,29.795373,2,0.209859,0.914951,0.078291,0.903026,0.669357,0.077007
1788,29.812046,2,0.209323,0.915435,0.079305,0.899422,0.672218,0.076092
1789,29.828720,2,0.209312,0.915893,0.078061,0.900823,0.670620,0.076642
1790,29.845393,2,0.208783,0.917047,0.079508,0.896910,0.673337,0.076308
1791,29.862067,2,0.208430,0.916960,0.078772,0.900660,0.670231,0.075962
1792,29.878740,2,0.208714,0.917177,0.077774,0.895996,0.671987,0.075607
1793,29.895414,2,0.208825,0.917066,0.077986,0.899460,0.668578,0.077686
1794,29.912087,2,0.208838,0.917002,0.078554,0.895014,0.673840,0.075932
1795,29.928760,2,0.208590,0.916990,0.078187,0.900277,0.670081,0.077778
1796,29.945434,2,0.208359,0.915996,0.078397,0.895032,0.672802,0.075821
1797,29.962107,2,0.208914,0.915591,0.078349,0.900936,0.671523,0.079128
1798,29.978781,2,0.209544,0.915954,0.077227,0.896069,0.675558,0.077051
1799,29.995454,2,0.210353,0.914484,0.078046,0.901510,0.672005,0.078426
1800,30.012127,2,0.210254,0.915601,0.075359,0.897427,0.676217,0.077076
1801,30.028801,2,0.210227,0.916349,0.077081,0.904111,0.675312,0.077809
1802,30.045474,2,0.210230,0.917202,0.076334,0.901845,0.680438,0.076395
1803,30.062148,2,0.209641,0.916802,0.077476,0.907776,0.676365,0.076604
1804,30.078821,2,0.209431,0.914735,0.078678,0.905946,0.684303,0.075999
1805,30.095494,2,0.208595,0.914204,0.077536,0.911458,0.681853,0.077194
1806,30.112168,2,0.208036,0.914452,0.081720,0.910530,0.684417,0.077761
1807,30.128841,2,0.207283,0.912675,0.083093,0.913198,0.681017,0.076218
1808,30.145515,2,0.207245,0.911151,0.085470,0.915823,0.681873,0.077870
1809,30.162188,2,0.206663,0.910586,0.084793,0.917393,0.681093,0.078749
1810,30.178861,2,0.206809,0.910229,0.085736,0.919454,0.684194,0.077873
1811,30.195535,2,0.206072,0.909562,0.085874,0.924739,0.683488,0.079660
1812,30.212208,2,0.204643,0.908540,0.086477,0.925601,0.685743,0.078590
1813,30.228882,2,0.203769,0.908394,0.085745,0.928803,0.684934,0.078878
1814,30.245555,2,0.201861,0.908812,0.087151,0.930869,0.686461,0.078871
1815,30.262228,2,0.199959,0.908622,0.086802,0.931915,0.687374,0.078761
1816,30.278902,2,0.198996,0.909534,0.087964,0.935152,0.685474,0.077711
1817,30.295575,2,0.195884,0.909694,0.088046,0.939369,0.686289,0.078259
1818,30.312249,2,0.194406,0.908858,0.091840,0.941975,0.689731,0.077713
1819,30.328922,2,0.193463,0.910815,0.090774,0.945497,0.687521,0.076894
1820,30.345595,2,0.189730,0.909977,0.093970,0.949061,0.685546,0.079577
1821,30.362269,2,0.187048,0.911655,0.095905,0.950236,0.682315,0.078280
1822,30.378942,2,0.183810,0.911680,0.098312,0.951221,0.688501,0.079717
1823,30.395616,2,0.180898,0.909764,0.098799,0.956449,0.693111,0.079062
1824,30.412289,2,0.178270,0.910256,0.098944,0.957412,0.695192,0.079778
1825,30.428962,2,0.175248,0.910046,0.096526,0.960638,0.696133,0.080034
1826,30.445636,2,0.171167,0.910474,0.097652,0.962219,0.696857,0.079216
1827,30.462309,2,0.168997,0.910578,0.096812,0.963425,0.698684,0.080737
1828,30.478983,2,0.165830,0.911877,0.093882,0.970110,0.695138,0.079759
1829,30.495656,2,0.161960,0.914358,0.093674,0.973195,0.704006,0.078314
1830,30.512329,2,0.158212,0.915839,0.095172,0.975158,0.701163,0.080447
1831,30.529003,2,0.155112,0.920554,0.092701,0.976961,0.710254,0.079005
1832,30.545676,2,0.153076,0.924088,0.093627,0.978519,0.713333,0.082009
1833,30.562350,2,0.146713,0.926390,0.091755,0.980325,0.718645,0.083637
1834,30.579023,2,0.143865,0.930545,0.091180,0.982201,0.727988,0.083419
1835,30.595696,2,0.139781,0.934157,0.091120,0.985966,0.733985,0.083329
1836,30.612370,2,0.136892,0.941587,0.090050,0.989645,0.736866,0.083025
1837,30.629043,2,0.132840,0.942659,0.088216,0.998617,0.729550,0.080117
1838,30.645717,2,0.130094,0.950461,0.090683,1.005182,0.737371,0.079589
1839,30.662390,2,0.125401,0.955054,0.092172,1.012733,0.744198,0.079245
1840,30.679064,2,0.123005,0.960492,0.092655,1.020625,0.750856,0.076020
1841,30.695737,2,0.120186,0.969706,0.093531,1.028491,0.759182,0.072423
1842,30.712410,2,0.119399,0.978469,0.094772,1.039073,0.765205,0.068618
1843,30.729084,2,0.114363,0.981401,0.095612,1.060394,0.773459,0.063542
1844,30.745757,2,0.113392,0.985897,0.097130,1.042080,0.798170,0.072546
1845,30.762431,2,0.105734,0.989573,0.099543,1.063443,0.804952,0.066214
1846,30.779104,2,0.103100,0.996105,0.099667,1.085145,0.795482,0.061325
1847,30.795777,2,0.096405,1.001293,0.099454,1.051671,0.822405,0.068301
1848,30.812451,2,0.091237,1.008583,0.097741,1.066095,0.822067,0.069662
1849,30.829124,2,0.085594,1.013683,0.097788,1.062303,0.836251,0.072053
1850,30.845798,2,0.087047,1.021475,0.091043,1.069449,0.846431,0.075734
1851,30.862471,2,0.074980,1.015350,0.081629,1.078200,0.851374,0.081422
1852,30.879144,2,0.078497,1.036059,0.070448,1.084315,0.859536,0.079444
1853,30.895818,2,0.070994,1.014812,0.075442,1.078907,0.871330,0.083384
1854,30.912491,2,0.074155,1.021948,0.064079,1.090928,0.876083,0.083540
1855,30.929165,2,0.072614,1.024418,0.064043,1.122637,0.876860,0.078723
1856,30.945838,2,0.070237,1.022558,0.064652,1.100461,0.903549,0.076113
1857,30.962511,2,0.077634,1.023986,0.044628,1.128895,0.897576,0.075258
1858,30.979185,2,0.075550,1.018812,0.028283,1.133750,0.888614,0.050618
1859,30.995858,2,0.064898,1.022088,0.028423,1.131968,0.889678,0.026805
1860,31.012532,2,0.059546,1.013227,0.034419,1.110612,0.917946,0.027088
1861,31.029205,2,0.050141,1.033118,0.033204,1.113777,0.927676,0.054262
1862,31.045878,2,0.046349,1.042038,0.042681,1.101878,0.904519,0.065114
1863,31.062552,2,0.033952,1.048637,0.043414,1.066800,0.901801,0.076067
1864,31.079225,2,0.028575,1.050245,0.036754,1.061747,0.911248,0.074597
1865,31.095899,2,0.028683,1.057021,0.018087,1.078769,0.919381,0.082305
1866,31.112572,1,nan,nan,nan,1.087309,0.896048,0.062400
1867,31.129245,1,nan,nan,nan,1.109511,0.896862,0.073386
1868,31.145919,1,nan,nan,nan,1.108637,0.912172,0.053008
1869,31.162592,1,nan,nan,nan,1.100775,0.907219,0.044027
1870,31.179266,0,nan,nan,nan,nan,nan,nan
1871,31.195939,0,nan,nan,nan,nan,nan,nan
1872,31.212612,0,nan,nan,nan,nan,nan,nan
1873,31.229286,0,nan,nan,nan,nan,nan,nan
1874,31.245959,0,nan,nan,nan,nan,nan,nan
1875,31.262633,0,nan,nan,nan,nan,nan,nan
1876,31.279306,0,nan,nan,nan,nan,nan,nan
1877,31.295979,0,nan,nan,nan,nan,nan,nan
1878,31.312653,0,nan,nan,nan,nan,nan,nan
1879,31.329326,0,nan,nan,nan,nan,nan,nan
1880,31.346000,0,nan,nan,nan,nan,nan,nan
1881,31.362673,0,nan,nan,nan,nan,nan,nan
1882,31.379346,0,nan,nan,nan,nan,nan,nan
1883,31.396020,0,nan,nan,nan,nan,nan,nan
1884,31.412693,0,nan,nan,nan,nan,nan,nan
1885,31.429367,0,nan,nan,nan,nan,nan,nan
1886,31.446040,0,nan,nan,nan,nan,nan,nan
1887,31.462713,0,nan,nan,nan,nan,nan,nan
1888,31.479387,0,nan,nan,nan,nan,nan,nan
1889,31.496060,0,nan,nan,nan,nan,nan,nan
1890,31.512734,0,nan,nan,nan,nan,nan,nan
1891,31.529407,0,nan,nan,nan,nan,nan,nan
1892,31.546081,0,nan,nan,nan,nan,nan,nan
1893,31.562754,0,nan,nan,nan,nan,nan,nan
1894,31.579427,0,nan,nan,nan,nan,nan,nan
1895,31.596101,0,nan,nan,nan,nan,nan,nan
1896,31.612774,0,nan,nan,nan,nan,nan,nan
1897,31.629448,0,nan,nan,nan,nan,nan,nan
1898,31.646121,0,nan,nan,nan,nan,nan,nan
1899,31.662794,0,nan,nan,nan,nan,nan,nan
1900,31.679468,0,nan,nan,nan,nan,nan,nan
1901,31.696141,0,nan,nan,nan,nan,nan,nan
1902,31.712815,0,nan,nan,nan,nan,nan,nan
1903,31.729488,0,nan,nan,nan,nan,nan,nan
1904,31.746161,0,nan,nan,nan,nan,nan,nan
1905,31.762835,0,nan,nan,nan,nan,nan,nan
1906,31.779508,0,nan,nan,nan,nan,nan,nan
1907,31.796182,0,nan,nan,nan,nan,nan,nan
1908,31.812855,0,nan,nan,nan,nan,nan,nan
1909,31.829528,0,nan,nan,nan,nan,nan,nan
1910,31.846202,0,nan,nan,nan,nan,nan,nan
1911,31.862875,0,nan,nan,nan,nan,nan,nan
1912,31.879549,0,nan,nan,nan,nan,nan,nan
1913,31.896222,0,nan,nan,nan,nan,nan,nan
1914,31.912895,0,nan,nan,nan,nan,nan,nan
1915,31.929569,0,nan,nan,nan,nan,nan,nan
1916,31.946242,0,nan,nan,nan,nan,nan,nan
1917,31.962916,0,nan,nan,nan,nan,nan,nan
1918,31.979589,0,nan,nan,nan,nan,nan,nan
1919,31.996262,0,nan,nan,nan,nan,nan,nan
1920,32.012936,0,nan,nan,nan,nan,nan,nan
1921,32.029609,0,nan,nan,nan,nan,nan,nan
1922,32.046283,0,nan,nan,nan,nan,nan,nan
1923,32.062956,0,nan,nan,nan,nan,nan,nan
1924,32.079629,0,nan,nan,nan,nan,nan,nan
1925,32.096303,0,nan,nan,nan,nan,nan,nan
1926,32.112976,0,nan,nan,nan,nan,nan,nan
1927,32.129650,0,nan,nan,nan,nan,nan,nan
1928,32.146323,0,nan,nan,nan,nan,nan,nan
1929,32.162996,0,nan,nan,nan,nan,nan,nan
1930,32.179670,0,nan,nan,nan,nan,nan,nan
1931,32.196343,0,nan,nan,nan,nan,nan,nan
1932,32.213017,0,nan,nan,nan,nan,nan,nan
1933,32.229690,0,nan,nan,nan,nan,nan,nan
1934,32.246363,0,nan,nan,nan,nan,nan,nan
1935,32.263037,0,nan,nan,nan,nan,nan,nan
1936,32.279710,0,nan,nan,nan,nan,nan,nan
1937,32.296384,0,nan,nan,nan,nan,nan,nan
1938,32.313057,0,nan,nan,nan,nan,nan,nan
1939,32.329731,0,nan,nan,nan,nan,nan,nan
1940,32.346404,0,nan,nan,nan,nan,nan,nan
1941,32.363077,0,nan,nan,nan,nan,nan,nan
1942,32.379751,0,nan,nan,nan,nan,nan,nan
1943,32.396424,0,nan,nan,nan,nan,nan,nan
1944,32.413098,0,nan,nan,nan,nan,nan,nan
1945,32.429771,0,nan,nan,nan,nan,nan,nan
1946,32.446444,0,nan,nan,nan,nan,nan,nan
1947,32.463118,0,nan,nan,nan,nan,nan,nan
1948,32.479791,0,nan,nan,nan,nan,nan,nan
1949,32.496465,0,nan,nan,nan,nan,nan,nan
1950,32.513138,0,nan,nan,nan,nan,nan,nan
1951,32.529811,0,nan,nan,nan,nan,nan,nan
1952,32.546485,0,nan,nan,nan,nan,nan,nan
1953,32.563158,0,nan,nan,nan,nan,nan,nan
1954,32.579832,0,nan,nan,nan,nan,nan,nan
1955,32.596505,0,nan,nan,nan,nan,nan,nan
1956,32.613178,0,nan,nan,nan,nan,nan,nan
1957,32.629852,0,nan,nan,nan,nan,nan,nan
1958,32.646525,0,nan,nan,nan,nan,nan,nan
1959,32.663199,0,nan,nan,nan,nan,nan,nan
1960,32.679872,0,nan,nan,nan,nan,nan,nan
1961,32.696545,0,nan,nan,nan,nan,nan,nan
1962,32.713219,0,nan,nan,nan,nan,nan,nan
1963,32.729892,0,nan,nan,nan,nan,nan,nan
1964,32.746566,0,nan,nan,nan,nan,nan,nan
1965,32.763239,0,nan,nan,nan,nan,nan,nan
1966,32.779912,0,nan,nan,nan,nan,nan,nan
1967,32.796586,0,nan,nan,nan,nan,nan,nan
1968,32.813259,0,nan,nan,nan,nan,nan,nan
1969,32.829933,0,nan,nan,nan,nan,nan,nan
1970,32.846606,0,nan,nan,nan,nan,nan,nan
1971,32.863279,0,nan,nan,nan,nan,nan,nan
1972,32.879953,0,nan,nan,nan,nan,nan,nan
1973,32.896626,0,nan,nan,nan,nan,nan,nan
1974,32.913300,0,nan,nan,nan,nan,nan,nan
1975,32.929973,0,nan,nan,nan,nan,nan,nan
1976,32.946646,0,nan,nan,nan,nan,nan,nan
1977,32.963320,0,nan,nan,nan,nan,nan,nan
1978,32.979993,0,nan,nan,nan,nan,nan,nan
